-- MariaDB dump 10.19  Distrib 10.4.18-MariaDB, for Win64 (AMD64)
--
-- Host: 78.140.242.71    Database: messanger_db
-- ------------------------------------------------------
-- Server version	5.7.38

/*!40101 SET @OLD_CHARACTER_SET_CLIENT=@@CHARACTER_SET_CLIENT */;
/*!40101 SET @OLD_CHARACTER_SET_RESULTS=@@CHARACTER_SET_RESULTS */;
/*!40101 SET @OLD_COLLATION_CONNECTION=@@COLLATION_CONNECTION */;
/*!40101 SET NAMES utf8mb4 */;
/*!40103 SET @OLD_TIME_ZONE=@@TIME_ZONE */;
/*!40103 SET TIME_ZONE='+00:00' */;
/*!40014 SET @OLD_UNIQUE_CHECKS=@@UNIQUE_CHECKS, UNIQUE_CHECKS=0 */;
/*!40014 SET @OLD_FOREIGN_KEY_CHECKS=@@FOREIGN_KEY_CHECKS, FOREIGN_KEY_CHECKS=0 */;
/*!40101 SET @OLD_SQL_MODE=@@SQL_MODE, SQL_MODE='NO_AUTO_VALUE_ON_ZERO' */;
/*!40111 SET @OLD_SQL_NOTES=@@SQL_NOTES, SQL_NOTES=0 */;

--
-- Table structure for table `calls`
--

DROP TABLE IF EXISTS `calls`;
/*!40101 SET @saved_cs_client     = @@character_set_client */;
/*!40101 SET character_set_client = utf8 */;
CREATE TABLE `calls` (
  `id` bigint(20) unsigned NOT NULL AUTO_INCREMENT,
  `sender_id` int(10) unsigned NOT NULL,
  `receiver_id` int(10) unsigned NOT NULL,
  `status` smallint(6) DEFAULT NULL,
  `duration` time DEFAULT NULL,
  `created_at` timestamp NULL DEFAULT NULL,
  `updated_at` timestamp NULL DEFAULT NULL,
  PRIMARY KEY (`id`),
  KEY `calls_sender_id_foreign` (`sender_id`),
  KEY `calls_receiver_id_foreign` (`receiver_id`),
  CONSTRAINT `calls_receiver_id_foreign` FOREIGN KEY (`receiver_id`) REFERENCES `users` (`id`) ON DELETE CASCADE,
  CONSTRAINT `calls_sender_id_foreign` FOREIGN KEY (`sender_id`) REFERENCES `users` (`id`) ON DELETE CASCADE
) ENGINE=InnoDB AUTO_INCREMENT=97 DEFAULT CHARSET=utf8mb4 COLLATE=utf8mb4_unicode_ci;
/*!40101 SET character_set_client = @saved_cs_client */;

--
-- Dumping data for table `calls`
--

LOCK TABLES `calls` WRITE;
/*!40000 ALTER TABLE `calls` DISABLE KEYS */;
INSERT INTO `calls` VALUES (1,9,7,402,'00:00:00','2022-08-05 11:53:33','2022-08-05 11:54:08'),(2,7,7,100,NULL,'2022-08-05 11:54:04','2022-08-05 11:54:04'),(3,7,7,100,NULL,'2022-08-05 11:54:11','2022-08-05 11:54:11'),(4,7,9,400,'00:00:05','2022-08-05 11:54:24','2022-08-05 11:54:35'),(5,7,9,400,'00:00:03','2022-08-05 11:54:45','2022-08-05 11:54:52'),(6,7,9,400,'00:00:03','2022-08-05 11:55:01','2022-08-05 11:55:06'),(8,1,3,402,'00:00:00','2022-08-05 15:36:09','2022-08-05 15:36:33'),(9,7,1,401,'00:00:01','2022-08-05 15:38:43','2022-08-05 15:39:43'),(10,7,9,400,'00:00:05','2022-08-05 18:32:41','2022-08-05 18:32:51'),(11,7,9,403,'00:00:00','2022-08-05 18:34:42','2022-08-05 18:34:53'),(12,1,3,100,NULL,'2022-08-06 08:40:30','2022-08-06 08:40:30'),(13,7,9,403,'00:00:00','2022-08-08 06:57:07','2022-08-08 06:57:20'),(14,7,9,100,NULL,'2022-08-09 13:44:58','2022-08-09 13:44:58'),(15,7,9,400,'00:00:54','2022-08-09 13:47:13','2022-08-09 13:48:11'),(16,6,9,402,'00:00:00','2022-08-09 13:47:33','2022-08-09 13:47:43'),(17,6,9,500,NULL,'2022-08-09 13:47:47','2022-08-09 13:47:47'),(18,6,9,500,NULL,'2022-08-09 13:47:51','2022-08-09 13:47:51'),(19,6,9,500,NULL,'2022-08-09 13:47:56','2022-08-09 13:47:56'),(20,6,9,500,NULL,'2022-08-09 13:48:00','2022-08-09 13:48:00'),(21,7,9,100,NULL,'2022-08-09 13:49:33','2022-08-09 13:49:33'),(22,7,9,100,NULL,'2022-08-09 13:51:12','2022-08-09 13:51:12'),(23,7,9,400,'00:00:04','2022-08-09 13:52:34','2022-08-09 13:52:41'),(24,7,9,400,'00:00:17','2022-08-09 13:52:52','2022-08-09 13:53:10'),(25,6,9,500,NULL,'2022-08-09 13:52:57','2022-08-09 13:52:57'),(26,6,9,500,NULL,'2022-08-09 13:53:01','2022-08-09 13:53:01'),(27,6,9,500,NULL,'2022-08-09 13:53:03','2022-08-09 13:53:03'),(28,6,9,500,NULL,'2022-08-09 13:53:05','2022-08-09 13:53:05'),(29,6,9,500,NULL,'2022-08-09 13:53:08','2022-08-09 13:53:08'),(30,7,9,400,'00:00:27','2022-08-09 13:55:45','2022-08-09 13:56:13'),(31,6,9,500,NULL,'2022-08-09 13:55:49','2022-08-09 13:55:49'),(32,6,9,402,'00:00:00','2022-08-09 13:55:54','2022-08-09 13:55:57'),(33,6,9,500,NULL,'2022-08-09 13:55:58','2022-08-09 13:55:58'),(34,6,9,400,'00:00:26','2022-08-09 13:56:21','2022-08-09 13:56:50'),(35,7,9,500,NULL,'2022-08-09 13:56:27','2022-08-09 13:56:27'),(36,7,9,500,NULL,'2022-08-09 13:56:31','2022-08-09 13:56:31'),(37,7,9,500,NULL,'2022-08-09 13:56:34','2022-08-09 13:56:34'),(38,7,9,402,'00:00:00','2022-08-09 13:56:38','2022-08-09 13:56:41'),(39,7,9,400,'00:00:18','2022-08-10 08:57:47','2022-08-10 08:58:10'),(40,9,7,400,'00:00:03','2022-08-11 07:30:41','2022-08-11 07:30:50'),(41,9,7,400,'00:00:38','2022-08-11 07:31:23','2022-08-11 07:32:04'),(42,9,7,401,'00:00:17','2022-08-11 07:32:08','2022-08-11 07:32:34'),(43,7,9,403,'00:00:00','2022-08-11 07:33:12','2022-08-11 07:33:21'),(44,7,9,401,'00:00:09','2022-08-11 07:33:45','2022-08-11 07:34:01'),(45,7,9,402,'00:00:00','2022-08-11 07:34:21','2022-08-11 07:34:43'),(46,9,9,100,NULL,'2022-08-11 07:34:37','2022-08-11 07:34:37'),(47,9,9,100,NULL,'2022-08-11 07:34:47','2022-08-11 07:34:47'),(48,7,9,402,'00:00:00','2022-08-11 07:35:09','2022-08-11 07:35:51'),(49,9,9,100,NULL,'2022-08-11 07:35:48','2022-08-11 07:35:48'),(50,9,9,100,NULL,'2022-08-11 07:35:54','2022-08-11 07:35:54'),(51,9,7,400,'00:00:06','2022-08-11 07:36:00','2022-08-11 07:36:14'),(52,9,7,401,'00:00:04','2022-08-11 07:36:31','2022-08-11 07:36:37'),(53,9,7,400,'00:00:16','2022-08-11 07:36:54','2022-08-11 07:37:13'),(54,9,7,400,'00:00:08','2022-08-11 07:37:29','2022-08-11 07:37:38'),(55,9,7,402,'00:00:00','2022-08-11 09:19:06','2022-08-11 09:19:11'),(56,7,9,401,'00:01:32','2022-08-11 09:40:40','2022-08-11 09:42:17'),(57,6,9,500,NULL,'2022-08-11 09:41:13','2022-08-11 09:41:13'),(58,6,7,500,NULL,'2022-08-11 09:41:17','2022-08-11 09:41:17'),(59,6,7,402,'00:00:00','2022-08-11 09:41:26','2022-08-11 09:41:30'),(60,7,9,400,'00:03:06','2022-08-11 09:44:25','2022-08-11 09:47:33'),(61,6,7,500,NULL,'2022-08-11 09:44:31','2022-08-11 09:44:31'),(62,6,9,500,NULL,'2022-08-11 09:44:43','2022-08-11 09:44:43'),(63,6,7,500,NULL,'2022-08-11 09:44:49','2022-08-11 09:44:49'),(64,6,9,500,NULL,'2022-08-11 09:44:55','2022-08-11 09:44:55'),(65,6,9,500,NULL,'2022-08-11 09:45:07','2022-08-11 09:45:07'),(66,6,7,500,NULL,'2022-08-11 09:45:10','2022-08-11 09:45:10'),(67,6,9,500,NULL,'2022-08-11 09:45:13','2022-08-11 09:45:13'),(68,6,7,500,NULL,'2022-08-11 09:45:17','2022-08-11 09:45:17'),(69,6,9,500,NULL,'2022-08-11 09:45:21','2022-08-11 09:45:21'),(70,6,7,500,NULL,'2022-08-11 09:45:25','2022-08-11 09:45:25'),(71,6,9,500,NULL,'2022-08-11 09:45:27','2022-08-11 09:45:27'),(72,6,9,500,NULL,'2022-08-11 09:45:46','2022-08-11 09:45:46'),(73,6,7,500,NULL,'2022-08-11 09:45:50','2022-08-11 09:45:50'),(74,6,7,402,'00:00:00','2022-08-11 09:45:59','2022-08-11 09:46:04'),(75,6,7,500,NULL,'2022-08-11 09:46:07','2022-08-11 09:46:07'),(76,6,7,500,NULL,'2022-08-11 09:46:14','2022-08-11 09:46:14'),(77,6,9,500,NULL,'2022-08-11 09:46:16','2022-08-11 09:46:16'),(78,6,9,500,NULL,'2022-08-11 09:46:24','2022-08-11 09:46:24'),(79,6,7,402,'00:00:00','2022-08-11 09:50:49','2022-08-11 09:50:51'),(80,9,7,402,'00:00:00','2022-08-11 10:14:07','2022-08-11 10:14:10'),(81,9,7,402,'00:00:00','2022-08-11 11:09:25','2022-08-11 11:09:31'),(82,9,7,402,'00:00:00','2022-08-11 16:46:20','2022-08-11 16:46:28'),(83,9,7,400,'00:00:08','2022-08-11 16:46:36','2022-08-11 16:46:48'),(84,9,7,400,'00:00:09','2022-08-11 17:04:39','2022-08-11 17:04:51'),(85,9,7,400,'00:00:06','2022-08-11 17:04:57','2022-08-11 17:05:06'),(86,9,7,400,'00:00:15','2022-08-11 17:08:36','2022-08-11 17:08:54'),(87,7,9,402,'00:00:00','2022-08-11 17:09:04','2022-08-11 17:09:06'),(88,9,7,400,'00:00:10','2022-08-11 17:09:12','2022-08-11 17:09:23'),(89,9,7,400,'00:00:04','2022-08-11 17:13:44','2022-08-11 17:13:54'),(90,9,7,400,'00:00:02','2022-08-11 17:16:18','2022-08-11 17:16:23'),(91,9,7,401,'00:00:06','2022-08-11 17:19:26','2022-08-11 17:19:39'),(92,9,7,400,'00:00:13','2022-08-11 17:19:50','2022-08-11 17:20:07'),(93,9,7,400,'00:00:21','2022-08-11 17:23:44','2022-08-11 17:24:08'),(94,9,7,400,'00:00:08','2022-08-11 17:24:15','2022-08-11 17:24:26'),(95,7,9,400,'00:00:08','2022-08-11 17:25:59','2022-08-11 17:26:10'),(96,9,7,400,'00:00:05','2022-08-11 17:27:37','2022-08-11 17:27:44');
/*!40000 ALTER TABLE `calls` ENABLE KEYS */;
UNLOCK TABLES;

--
-- Table structure for table `chat_room_user`
--

DROP TABLE IF EXISTS `chat_room_user`;
/*!40101 SET @saved_cs_client     = @@character_set_client */;
/*!40101 SET character_set_client = utf8 */;
CREATE TABLE `chat_room_user` (
  `id` int(10) unsigned NOT NULL AUTO_INCREMENT,
  `user_id` int(10) unsigned NOT NULL,
  `chat_room_id` int(10) unsigned NOT NULL,
  `created_at` timestamp NULL DEFAULT NULL,
  `updated_at` timestamp NULL DEFAULT NULL,
  PRIMARY KEY (`id`),
  KEY `chat_room_user_user_id_foreign` (`user_id`),
  KEY `chat_room_user_chat_room_id_foreign` (`chat_room_id`),
  CONSTRAINT `chat_room_user_chat_room_id_foreign` FOREIGN KEY (`chat_room_id`) REFERENCES `chat_rooms` (`id`),
  CONSTRAINT `chat_room_user_user_id_foreign` FOREIGN KEY (`user_id`) REFERENCES `users` (`id`)
) ENGINE=InnoDB AUTO_INCREMENT=57 DEFAULT CHARSET=utf8mb4 COLLATE=utf8mb4_unicode_ci;
/*!40101 SET character_set_client = @saved_cs_client */;

--
-- Dumping data for table `chat_room_user`
--

LOCK TABLES `chat_room_user` WRITE;
/*!40000 ALTER TABLE `chat_room_user` DISABLE KEYS */;
INSERT INTO `chat_room_user` VALUES (45,9,23,NULL,NULL),(46,7,23,NULL,NULL),(47,8,24,NULL,NULL),(48,7,24,NULL,NULL),(49,6,25,NULL,NULL),(50,7,25,NULL,NULL),(51,6,26,NULL,NULL),(52,9,26,NULL,NULL),(53,8,27,NULL,NULL),(54,9,27,NULL,NULL),(55,6,28,NULL,NULL),(56,8,28,NULL,NULL);
/*!40000 ALTER TABLE `chat_room_user` ENABLE KEYS */;
UNLOCK TABLES;

--
-- Table structure for table `chat_rooms`
--

DROP TABLE IF EXISTS `chat_rooms`;
/*!40101 SET @saved_cs_client     = @@character_set_client */;
/*!40101 SET character_set_client = utf8 */;
CREATE TABLE `chat_rooms` (
  `id` int(10) unsigned NOT NULL AUTO_INCREMENT,
  `title` varchar(255) COLLATE utf8mb4_unicode_ci DEFAULT NULL,
  `created_at` timestamp NULL DEFAULT NULL,
  `updated_at` timestamp NULL DEFAULT NULL,
  PRIMARY KEY (`id`)
) ENGINE=InnoDB AUTO_INCREMENT=29 DEFAULT CHARSET=utf8mb4 COLLATE=utf8mb4_unicode_ci;
/*!40101 SET character_set_client = @saved_cs_client */;

--
-- Dumping data for table `chat_rooms`
--

LOCK TABLES `chat_rooms` WRITE;
/*!40000 ALTER TABLE `chat_rooms` DISABLE KEYS */;
INSERT INTO `chat_rooms` VALUES (23,'Danil','2022-08-08 09:42:12','2022-08-08 09:42:12'),(24,'Danil','2022-08-09 05:27:44','2022-08-09 05:27:44'),(25,'Danil','2022-08-09 12:08:00','2022-08-09 12:08:00'),(26,'Alena','2022-08-09 12:50:46','2022-08-09 12:50:46'),(27,'Alena','2022-08-09 17:10:01','2022-08-09 17:10:01'),(28,'Ivan','2022-08-11 09:55:44','2022-08-11 09:55:44');
/*!40000 ALTER TABLE `chat_rooms` ENABLE KEYS */;
UNLOCK TABLES;

--
-- Table structure for table `failed_jobs`
--

DROP TABLE IF EXISTS `failed_jobs`;
/*!40101 SET @saved_cs_client     = @@character_set_client */;
/*!40101 SET character_set_client = utf8 */;
CREATE TABLE `failed_jobs` (
  `id` bigint(20) unsigned NOT NULL AUTO_INCREMENT,
  `uuid` varchar(255) COLLATE utf8mb4_unicode_ci NOT NULL,
  `connection` text COLLATE utf8mb4_unicode_ci NOT NULL,
  `queue` text COLLATE utf8mb4_unicode_ci NOT NULL,
  `payload` longtext COLLATE utf8mb4_unicode_ci NOT NULL,
  `exception` longtext COLLATE utf8mb4_unicode_ci NOT NULL,
  `failed_at` timestamp NOT NULL DEFAULT CURRENT_TIMESTAMP,
  PRIMARY KEY (`id`),
  UNIQUE KEY `failed_jobs_uuid_unique` (`uuid`)
) ENGINE=InnoDB DEFAULT CHARSET=utf8mb4 COLLATE=utf8mb4_unicode_ci;
/*!40101 SET character_set_client = @saved_cs_client */;

--
-- Dumping data for table `failed_jobs`
--

LOCK TABLES `failed_jobs` WRITE;
/*!40000 ALTER TABLE `failed_jobs` DISABLE KEYS */;
/*!40000 ALTER TABLE `failed_jobs` ENABLE KEYS */;
UNLOCK TABLES;

--
-- Table structure for table `jobs`
--

DROP TABLE IF EXISTS `jobs`;
/*!40101 SET @saved_cs_client     = @@character_set_client */;
/*!40101 SET character_set_client = utf8 */;
CREATE TABLE `jobs` (
  `id` bigint(20) unsigned NOT NULL AUTO_INCREMENT,
  `queue` varchar(255) COLLATE utf8mb4_unicode_ci NOT NULL,
  `payload` longtext COLLATE utf8mb4_unicode_ci NOT NULL,
  `attempts` tinyint(3) unsigned NOT NULL,
  `reserved_at` int(10) unsigned DEFAULT NULL,
  `available_at` int(10) unsigned NOT NULL,
  `created_at` int(10) unsigned NOT NULL,
  PRIMARY KEY (`id`),
  KEY `jobs_queue_index` (`queue`)
) ENGINE=InnoDB AUTO_INCREMENT=9 DEFAULT CHARSET=utf8mb4 COLLATE=utf8mb4_unicode_ci;
/*!40101 SET character_set_client = @saved_cs_client */;

--
-- Dumping data for table `jobs`
--

LOCK TABLES `jobs` WRITE;
/*!40000 ALTER TABLE `jobs` DISABLE KEYS */;
/*!40000 ALTER TABLE `jobs` ENABLE KEYS */;
UNLOCK TABLES;

--
-- Table structure for table `messages`
--

DROP TABLE IF EXISTS `messages`;
/*!40101 SET @saved_cs_client     = @@character_set_client */;
/*!40101 SET character_set_client = utf8 */;
CREATE TABLE `messages` (
  `id` int(10) unsigned NOT NULL AUTO_INCREMENT,
  `chat_room_id` int(10) unsigned NOT NULL,
  `sender_id` int(10) unsigned NOT NULL,
  `message` text COLLATE utf8mb4_unicode_ci,
  `audio` varchar(255) COLLATE utf8mb4_unicode_ci DEFAULT NULL,
  `created_at` timestamp NULL DEFAULT NULL,
  `updated_at` timestamp NULL DEFAULT NULL,
  `deleted_at` timestamp NULL DEFAULT NULL,
  PRIMARY KEY (`id`),
  KEY `messages_sender_id_foreign` (`sender_id`),
  KEY `messages_chat_room_id_foreign` (`chat_room_id`),
  CONSTRAINT `messages_chat_room_id_foreign` FOREIGN KEY (`chat_room_id`) REFERENCES `chat_rooms` (`id`),
  CONSTRAINT `messages_sender_id_foreign` FOREIGN KEY (`sender_id`) REFERENCES `users` (`id`)
) ENGINE=InnoDB AUTO_INCREMENT=425 DEFAULT CHARSET=utf8mb4 COLLATE=utf8mb4_unicode_ci;
/*!40101 SET character_set_client = @saved_cs_client */;

--
-- Dumping data for table `messages`
--

LOCK TABLES `messages` WRITE;
/*!40000 ALTER TABLE `messages` DISABLE KEYS */;
INSERT INTO `messages` VALUES (16,23,9,'Чат создан!',NULL,'2022-08-08 09:42:12','2022-08-08 09:42:12',NULL),(18,23,9,'C2-80-25-8B-0C-1A-FA-FB-3A',NULL,'2022-08-08 09:59:44','2022-08-08 12:01:54','2022-08-08 12:01:54'),(19,23,9,'Голосовое сообщение','user-9/voicemessages/voice_08:08:2022 12:59:51.arm','2022-08-08 09:59:51','2022-08-09 07:41:19','2022-08-09 07:41:19'),(20,23,7,'5A-4A-9D-56',NULL,'2022-08-08 12:19:38','2022-08-08 12:19:59','2022-08-08 12:19:59'),(21,23,7,'5A',NULL,'2022-08-08 13:51:11','2022-08-09 07:41:10','2022-08-09 07:41:10'),(22,23,7,'46',NULL,'2022-08-08 13:51:14','2022-08-09 07:41:03','2022-08-09 07:41:03'),(23,23,7,'40',NULL,'2022-08-08 13:51:17','2022-08-08 13:52:03','2022-08-08 13:52:03'),(24,23,9,'58-48',NULL,'2022-08-08 16:32:36','2022-08-09 07:40:55','2022-08-09 07:40:55'),(25,23,9,'59-49',NULL,'2022-08-08 16:32:39','2022-08-09 07:40:45','2022-08-09 07:40:45'),(26,23,9,'5E-4E',NULL,'2022-08-08 16:32:41','2022-08-09 07:40:36','2022-08-09 07:40:36'),(27,23,9,'5A',NULL,'2022-08-08 16:36:47','2022-08-09 07:40:28','2022-08-09 07:40:28'),(28,23,9,'58',NULL,'2022-08-08 16:36:50','2022-08-08 17:55:24','2022-08-08 17:55:24'),(29,23,9,'59',NULL,'2022-08-08 16:36:53','2022-08-08 16:55:53','2022-08-08 16:55:53'),(30,23,9,'5A',NULL,'2022-08-08 16:48:29','2022-08-08 16:55:48','2022-08-08 16:55:48'),(31,23,9,'58',NULL,'2022-08-08 16:48:32','2022-08-08 17:55:25','2022-08-08 17:55:25'),(32,23,9,'23',NULL,'2022-08-08 17:02:54','2022-08-08 17:07:05','2022-08-08 17:07:05'),(33,23,9,'20',NULL,'2022-08-08 17:02:57','2022-08-08 17:06:59','2022-08-08 17:06:59'),(34,23,9,'21',NULL,'2022-08-08 17:03:00','2022-08-08 17:06:54','2022-08-08 17:06:54'),(35,23,9,'23',NULL,'2022-08-08 18:05:53','2022-08-09 07:40:21','2022-08-09 07:40:21'),(36,23,9,'20',NULL,'2022-08-08 18:05:56','2022-08-09 07:40:14','2022-08-09 07:40:14'),(37,23,9,'21',NULL,'2022-08-08 18:06:00','2022-08-09 07:40:06','2022-08-09 07:40:06'),(38,23,9,'55-45',NULL,'2022-08-08 19:19:36','2022-08-09 07:39:17','2022-08-09 07:39:17'),(39,23,9,'5A-48',NULL,'2022-08-08 19:19:38','2022-08-09 07:39:07','2022-08-09 07:39:07'),(40,23,9,'58-48',NULL,'2022-08-08 19:19:40','2022-08-09 07:38:57','2022-08-09 07:38:57'),(41,23,9,'22',NULL,'2022-08-08 19:44:14','2022-08-09 07:38:46','2022-08-09 07:38:46'),(42,23,9,'2B',NULL,'2022-08-08 19:44:16','2022-08-09 07:38:27','2022-08-09 07:38:27'),(43,23,9,'2A',NULL,'2022-08-08 19:44:19','2022-08-08 20:31:54','2022-08-08 20:31:54'),(44,23,9,'25',NULL,'2022-08-08 19:55:38','2022-08-09 07:38:10','2022-08-09 07:38:10'),(45,23,9,'24',NULL,'2022-08-08 19:55:41','2022-08-09 07:37:41','2022-08-09 07:37:41'),(46,23,9,'27',NULL,'2022-08-08 19:55:44','2022-08-09 07:37:31','2022-08-09 07:37:31'),(47,23,9,'24',NULL,'2022-08-08 19:56:13','2022-08-09 07:36:49','2022-08-09 07:36:49'),(48,23,9,'43',NULL,'2022-08-08 19:58:01','2022-08-09 07:33:25','2022-08-09 07:33:25'),(49,23,9,'45',NULL,'2022-08-08 19:58:03','2022-08-09 07:33:24','2022-08-09 07:33:24'),(50,23,9,'57',NULL,'2022-08-08 19:58:06','2022-08-09 07:33:23','2022-08-09 07:33:23'),(51,23,9,'23',NULL,'2022-08-09 05:18:29','2022-08-09 07:33:21','2022-08-09 07:33:21'),(52,23,9,'20',NULL,'2022-08-09 05:18:33','2022-08-09 07:32:18','2022-08-09 07:32:18'),(53,23,9,'21',NULL,'2022-08-09 05:18:35','2022-08-09 07:32:19','2022-08-09 07:32:19'),(54,24,8,'Чат создан!',NULL,'2022-08-09 05:27:44','2022-08-09 05:27:44',NULL),(55,24,8,'5A-4B',NULL,'2022-08-09 05:28:08','2022-08-09 05:28:08',NULL),(56,23,9,'53-4E-90-50-BC-BB-1A',NULL,'2022-08-09 05:29:20','2022-08-09 07:33:19','2022-08-09 07:33:19'),(57,23,9,'53-4E-90-50-BC-BB-1A',NULL,'2022-08-09 05:29:28','2022-08-09 07:31:39','2022-08-09 07:31:39'),(58,23,9,'53-4E-90-50-BC-BB-18',NULL,'2022-08-09 05:29:34','2022-08-09 07:31:36','2022-08-09 07:31:36'),(59,24,8,'53-4E-90-50-BC-BB-1A-4B-29',NULL,'2022-08-09 05:29:49','2022-08-09 08:54:56','2022-08-09 08:54:56'),(60,24,8,'5B-54-94-50-EC-A9-18',NULL,'2022-08-09 05:29:58','2022-08-09 08:57:17','2022-08-09 08:57:17'),(61,24,8,'53-46-9B-4C-B8-E2-1A-4B-29',NULL,'2022-08-09 05:30:04','2022-08-09 08:54:59','2022-08-09 08:54:59'),(62,23,9,'53-13',NULL,'2022-08-09 05:31:46','2022-08-09 07:31:34','2022-08-09 07:31:34'),(63,23,9,'53-10',NULL,'2022-08-09 05:31:49','2022-08-09 07:31:32','2022-08-09 07:31:32'),(64,23,9,'53-11',NULL,'2022-08-09 05:31:51','2022-08-09 07:31:31','2022-08-09 07:31:31'),(65,24,8,'5B-13',NULL,'2022-08-09 05:33:06','2022-08-09 05:33:06',NULL),(66,24,8,'5B-10',NULL,'2022-08-09 05:33:09','2022-08-09 07:29:34','2022-08-09 07:29:34'),(67,24,8,'5B-11',NULL,'2022-08-09 05:33:13','2022-08-09 07:29:22','2022-08-09 07:29:22'),(68,24,8,'5B-16',NULL,'2022-08-09 05:33:22','2022-08-09 07:29:15','2022-08-09 07:29:15'),(69,23,9,'5A-4A-C4',NULL,'2022-08-09 05:36:33','2022-08-09 07:31:30','2022-08-09 07:31:30'),(70,23,9,'5A-4A-C7',NULL,'2022-08-09 05:36:36','2022-08-09 07:31:28','2022-08-09 07:31:28'),(71,23,9,'5A-4A-C6',NULL,'2022-08-09 05:36:40','2022-08-09 07:27:16','2022-08-09 07:27:16'),(72,23,9,'5A-4A-C1',NULL,'2022-08-09 05:36:43','2022-08-09 07:26:30','2022-08-09 07:26:30'),(73,24,8,'5E-4E-C4',NULL,'2022-08-09 05:37:12','2022-08-09 07:29:08','2022-08-09 07:29:08'),(74,24,8,'5E-4E-C7',NULL,'2022-08-09 05:37:16','2022-08-09 07:28:58','2022-08-09 07:28:58'),(75,24,8,'5E-4E-C6',NULL,'2022-08-09 05:37:19','2022-08-09 07:28:07','2022-08-09 07:28:07'),(76,23,9,'55-45-92',NULL,'2022-08-09 05:38:49','2022-08-09 07:22:54','2022-08-09 07:22:54'),(77,23,9,'5A-4A-9D',NULL,'2022-08-09 05:38:51','2022-08-09 05:42:07','2022-08-09 05:42:07'),(78,23,9,'58-48',NULL,'2022-08-09 05:38:53','2022-08-09 05:42:09','2022-08-09 05:42:09'),(79,23,9,'55-45-92-59',NULL,'2022-08-09 05:39:35','2022-08-09 05:42:03','2022-08-09 05:42:03'),(80,23,9,'58-48-9F-54-B7',NULL,'2022-08-09 05:39:37','2022-08-09 05:42:05','2022-08-09 05:42:05'),(81,23,9,'5A-4A-9D-56-B5',NULL,'2022-08-09 05:39:40','2022-08-09 05:42:06','2022-08-09 05:42:06'),(82,24,8,'5A-45-92-5A-B5-FF-43',NULL,'2022-08-09 05:39:45','2022-08-09 05:47:31','2022-08-09 05:47:31'),(83,24,8,'5A-4A-86-4D-BA-F3-4F',NULL,'2022-08-09 05:39:47','2022-08-09 07:28:02','2022-08-09 07:28:02'),(84,24,8,'5A-46-9D-5A-B5-FF',NULL,'2022-08-09 05:39:49','2022-08-09 07:27:54','2022-08-09 07:27:54'),(85,24,8,'55',NULL,'2022-08-09 06:53:26','2022-08-09 07:24:52','2022-08-09 07:24:52'),(86,24,8,'55-45',NULL,'2022-08-09 06:53:31','2022-08-09 07:16:21','2022-08-09 07:16:21'),(87,23,9,'5B-4B',NULL,'2022-08-09 06:53:47','2022-08-09 07:22:50','2022-08-09 07:22:50'),(88,23,9,'5D-49',NULL,'2022-08-09 06:53:50','2022-08-09 07:05:42','2022-08-09 07:05:42'),(89,24,8,'5A-4A-9D',NULL,'2022-08-09 06:54:26','2022-08-09 07:24:46','2022-08-09 07:24:46'),(90,24,8,'5B-4B-9C',NULL,'2022-08-09 06:54:29','2022-08-09 07:24:42','2022-08-09 07:24:42'),(91,24,8,'59-49-9E',NULL,'2022-08-09 06:54:32','2022-08-09 07:24:38','2022-08-09 07:24:38'),(92,23,9,'5A-48',NULL,'2022-08-09 06:55:04','2022-08-09 07:05:39','2022-08-09 07:05:39'),(93,23,9,'58-48',NULL,'2022-08-09 06:55:06','2022-08-09 07:05:41','2022-08-09 07:05:41'),(94,24,8,'5A-4A-9D',NULL,'2022-08-09 07:16:17','2022-08-09 07:22:37','2022-08-09 07:22:37'),(95,23,7,'43',NULL,'2022-08-09 07:41:59','2022-08-09 07:58:13','2022-08-09 07:58:13'),(96,23,7,'45',NULL,'2022-08-09 07:42:01','2022-08-09 07:58:11','2022-08-09 07:58:11'),(97,23,7,'57',NULL,'2022-08-09 07:42:05','2022-08-09 07:55:42','2022-08-09 07:55:42'),(98,23,7,'56',NULL,'2022-08-09 07:42:07','2022-08-09 07:54:13','2022-08-09 07:54:13'),(99,23,7,'55',NULL,'2022-08-09 07:42:10','2022-08-09 07:50:45','2022-08-09 07:50:45'),(100,23,7,'5A-4A',NULL,'2022-08-09 07:42:12','2022-08-09 07:50:43','2022-08-09 07:50:43'),(101,23,7,'50-4C',NULL,'2022-08-09 07:42:15','2022-08-09 07:47:20','2022-08-09 07:47:20'),(102,23,7,'55-45-92',NULL,'2022-08-09 07:42:17','2022-08-09 07:47:13','2022-08-09 07:47:13'),(103,23,7,'58-48-9F',NULL,'2022-08-09 07:42:20','2022-08-09 07:47:11','2022-08-09 07:47:11'),(104,23,7,'58-48-9F',NULL,'2022-08-09 07:42:22','2022-08-09 07:47:08','2022-08-09 07:47:08'),(105,23,7,'55-51-92',NULL,'2022-08-09 07:42:24','2022-08-09 07:43:27','2022-08-09 07:43:27'),(106,23,7,'55-51-92',NULL,'2022-08-09 07:42:27','2022-08-09 07:43:23','2022-08-09 07:43:23'),(107,23,7,'55-46-92',NULL,'2022-08-09 07:42:28','2022-08-09 07:43:07','2022-08-09 07:43:07'),(108,23,7,'5F-4F-98',NULL,'2022-08-09 07:42:32','2022-08-09 07:43:03','2022-08-09 07:43:03'),(109,23,7,'55-45',NULL,'2022-08-09 07:56:46','2022-08-09 07:58:09','2022-08-09 07:58:09'),(110,23,7,'50-4A',NULL,'2022-08-09 07:56:48','2022-08-09 07:57:34','2022-08-09 07:57:34'),(111,23,7,'5A-4A-9D',NULL,'2022-08-09 07:56:50','2022-08-09 07:57:20','2022-08-09 07:57:20'),(112,23,7,'50-40',NULL,'2022-08-09 07:56:52','2022-08-09 07:56:53','2022-08-09 07:56:53'),(113,23,7,'55-45-92',NULL,'2022-08-09 07:58:17','2022-08-09 08:10:32','2022-08-09 08:10:32'),(114,23,7,'55',NULL,'2022-08-09 08:09:45','2022-08-09 08:10:31','2022-08-09 08:10:31'),(115,23,7,'5A',NULL,'2022-08-09 08:09:47','2022-08-09 08:10:29','2022-08-09 08:10:29'),(116,23,7,'58',NULL,'2022-08-09 08:09:49','2022-08-09 08:10:28','2022-08-09 08:10:28'),(117,23,7,'59-49',NULL,'2022-08-09 08:09:51','2022-08-09 08:10:26','2022-08-09 08:10:26'),(118,23,7,'55-46-92-5A-BA',NULL,'2022-08-09 08:09:53','2022-08-09 08:10:25','2022-08-09 08:10:25'),(119,23,7,'44-46-83-48-B9',NULL,'2022-08-09 08:09:55','2022-08-09 08:10:23','2022-08-09 08:10:23'),(120,23,7,'55-46-9D-5A-BF',NULL,'2022-08-09 08:09:57','2022-08-09 08:09:59','2022-08-09 08:09:59'),(121,23,7,'55',NULL,'2022-08-09 08:21:17','2022-08-09 11:10:10','2022-08-09 11:10:10'),(122,23,7,'5A',NULL,'2022-08-09 08:21:20','2022-08-09 08:26:02','2022-08-09 08:26:02'),(123,23,7,'5A',NULL,'2022-08-09 08:21:22','2022-08-09 08:26:01','2022-08-09 08:26:01'),(124,23,7,'58',NULL,'2022-08-09 08:21:23','2022-08-09 08:25:59','2022-08-09 08:25:59'),(125,23,7,'59',NULL,'2022-08-09 08:21:26','2022-08-09 08:25:58','2022-08-09 08:25:58'),(126,23,7,'53',NULL,'2022-08-09 08:21:28','2022-08-09 08:25:56','2022-08-09 08:25:56'),(127,23,7,'4B',NULL,'2022-08-09 08:21:30','2022-08-09 08:25:55','2022-08-09 08:25:55'),(128,23,7,'46',NULL,'2022-08-09 08:21:32','2022-08-09 08:25:54','2022-08-09 08:25:54'),(129,23,7,'55-45-92',NULL,'2022-08-09 08:27:08','2022-08-09 08:27:10','2022-08-09 08:27:10'),(130,23,9,'55-4A-9D',NULL,'2022-08-09 08:56:24','2022-08-09 11:10:09','2022-08-09 11:10:09'),(131,23,9,'56-45-9D-54',NULL,'2022-08-09 08:56:28','2022-08-09 11:07:06','2022-08-09 11:07:06'),(132,23,9,'46-44-93-4A',NULL,'2022-08-09 08:57:07','2022-08-09 11:07:05','2022-08-09 11:07:05'),(133,23,9,'55-45-9D',NULL,'2022-08-09 08:57:10','2022-08-09 11:07:03','2022-08-09 11:07:03'),(134,23,9,'55',NULL,'2022-08-09 08:59:58','2022-08-09 11:07:02','2022-08-09 11:07:02'),(135,23,9,'5A',NULL,'2022-08-09 09:00:00','2022-08-09 11:07:00','2022-08-09 11:07:00'),(136,23,9,'5A',NULL,'2022-08-09 09:00:03','2022-08-09 11:06:59','2022-08-09 11:06:59'),(137,23,9,'59-46-9F',NULL,'2022-08-09 09:00:05','2022-08-09 11:06:57','2022-08-09 11:06:57'),(138,23,9,'47-47-80-5A-BA-FF',NULL,'2022-08-09 09:00:08','2022-08-09 11:06:55','2022-08-09 11:06:55'),(139,23,9,'23-10-C6',NULL,'2022-08-09 09:00:10','2022-08-09 11:06:53','2022-08-09 11:06:53'),(140,23,9,'5A-46-9D-5A-B5',NULL,'2022-08-09 09:00:12','2022-08-09 11:06:14','2022-08-09 11:06:14'),(141,23,9,'44-51-92-4D-BA-E8-4C-1D-3A',NULL,'2022-08-09 09:00:15','2022-08-09 11:06:12','2022-08-09 11:06:12'),(142,23,9,'5A-46-9D-5A-B5-FF-4C',NULL,'2022-08-09 09:00:18','2022-08-09 11:06:11','2022-08-09 11:06:11'),(143,23,9,'5A-46-9D-5A-B5-F1-4F-13-7E',NULL,'2022-08-09 09:00:21','2022-08-09 11:06:10','2022-08-09 11:06:10'),(144,23,9,'5A-46-9D-5B-BF-FE-42-1D-6F-1C-CB-74-C5',NULL,'2022-08-09 09:00:26','2022-08-09 11:06:07','2022-08-09 11:06:07'),(145,23,9,'23-10-C6',NULL,'2022-08-09 09:11:14','2022-08-09 11:02:23','2022-08-09 11:02:23'),(146,23,9,'23-10-C6-0A-E8-AD',NULL,'2022-08-09 09:11:39','2022-08-09 11:02:25','2022-08-09 11:02:25'),(147,23,9,'46-5B-8C-47',NULL,'2022-08-09 09:17:00','2022-08-09 11:06:02','2022-08-09 11:06:02'),(148,23,9,'55-5B-80-56-A4',NULL,'2022-08-09 09:21:06','2022-08-09 11:05:58','2022-08-09 11:05:58'),(149,23,9,'55-5B-80-47-A4',NULL,'2022-08-09 09:21:26','2022-08-09 11:02:55','2022-08-09 11:02:55'),(150,23,9,'56-44-81-4D-B5-E9-58-0D-6F-4F-89-2F-98-92-5C',NULL,'2022-08-09 09:21:40','2022-08-09 11:05:48','2022-08-09 11:05:48'),(151,23,9,'55-45-92-5A-B5-FF-5E-1D-6F-4E-88',NULL,'2022-08-09 09:23:10','2022-08-09 11:04:29','2022-08-09 11:04:29'),(152,23,9,'55-45-92-59-BA-E2',NULL,'2022-08-09 09:23:39','2022-08-09 11:04:28','2022-08-09 11:04:28'),(153,23,9,'23-10-C6-0A-E8',NULL,'2022-08-09 09:31:21','2022-08-09 11:04:24','2022-08-09 11:04:24'),(154,23,9,'27-13-C0-0F-E8-AE-19-4B-2F',NULL,'2022-08-09 09:31:25','2022-08-09 09:53:37','2022-08-09 09:53:37'),(155,23,9,'26-17-C0-0C-EB-A9-1D',NULL,'2022-08-09 09:31:28','2022-08-09 11:03:54','2022-08-09 11:03:54'),(156,23,9,'27-14-C2-5B-EA-FE-1D-1C-2C',NULL,'2022-08-09 09:35:10','2022-08-09 09:54:04','2022-08-09 09:54:04'),(157,23,9,'55-51-9D-5A-B5-FF-4C',NULL,'2022-08-09 09:35:14','2022-08-09 11:03:36','2022-08-09 11:03:36'),(158,23,9,'5A-4B',NULL,'2022-08-09 09:35:16','2022-08-09 11:03:34','2022-08-09 11:03:34'),(159,23,7,'41',NULL,'2022-08-09 11:08:51','2022-08-09 11:10:07','2022-08-09 11:10:07'),(160,23,7,'54',NULL,'2022-08-09 11:08:53','2022-08-09 11:10:06','2022-08-09 11:10:06'),(161,23,7,'50',NULL,'2022-08-09 11:08:57','2022-08-09 11:10:05','2022-08-09 11:10:05'),(162,23,7,'58-46-9F',NULL,'2022-08-09 11:08:59','2022-08-09 11:10:03','2022-08-09 11:10:03'),(163,23,7,'5E-4E',NULL,'2022-08-09 11:09:01','2022-08-09 11:10:02','2022-08-09 11:10:02'),(164,23,7,'55-45-92',NULL,'2022-08-09 11:10:13','2022-08-09 11:18:29','2022-08-09 11:18:29'),(165,23,7,'50-45-92',NULL,'2022-08-09 11:10:15','2022-08-09 11:17:31','2022-08-09 11:17:31'),(166,23,7,'44-54-92',NULL,'2022-08-09 11:10:17','2022-08-09 11:19:03','2022-08-09 11:19:03'),(167,23,7,'50-40-97',NULL,'2022-08-09 11:10:19','2022-08-09 11:12:55','2022-08-09 11:12:55'),(168,23,7,'55-45-92-56',NULL,'2022-08-09 11:10:21','2022-08-09 11:10:27','2022-08-09 11:10:27'),(169,23,7,'44-45-92',NULL,'2022-08-09 11:10:23','2022-08-09 11:10:25','2022-08-09 11:10:25'),(170,23,7,'55-45-92-56',NULL,'2022-08-09 11:20:25','2022-08-09 11:20:34','2022-08-09 11:20:34'),(171,23,7,'55-45-92-56',NULL,'2022-08-09 11:21:19','2022-08-09 11:27:55','2022-08-09 11:27:55'),(172,23,7,'40-50-81',NULL,'2022-08-09 11:21:25','2022-08-09 11:27:27','2022-08-09 11:27:27'),(173,23,7,'40-50-81-58',NULL,'2022-08-09 11:21:29','2022-08-09 11:26:18','2022-08-09 11:26:18'),(174,23,7,'5A-56-87-4C-BB-FC',NULL,'2022-08-09 11:21:34','2022-08-09 11:24:56','2022-08-09 11:24:56'),(175,23,7,'55-45-93-56-B5-FF-43',NULL,'2022-08-09 11:29:08','2022-08-09 11:41:37','2022-08-09 11:41:37'),(176,23,7,'55-45-92-59-BB-FD',NULL,'2022-08-09 11:30:04','2022-08-09 11:30:49','2022-08-09 11:30:49'),(177,23,7,'46-56-81-59',NULL,'2022-08-09 11:30:08','2022-08-09 11:30:47','2022-08-09 11:30:47'),(178,23,7,'55-4A-9D-56',NULL,'2022-08-09 11:30:11','2022-08-09 11:30:15','2022-08-09 11:30:15'),(179,23,7,'5A-4B',NULL,'2022-08-09 11:33:41','2022-08-09 11:34:23','2022-08-09 11:34:23'),(180,23,7,'5E-4B',NULL,'2022-08-09 11:33:44','2022-08-09 11:34:59','2022-08-09 11:34:59'),(181,23,7,'44-45-92-56-BA',NULL,'2022-08-09 11:41:53','2022-08-09 11:41:57','2022-08-09 11:41:57'),(182,23,7,'23',NULL,'2022-08-09 11:45:57','2022-08-09 11:57:04','2022-08-09 11:57:04'),(183,23,7,'20',NULL,'2022-08-09 11:46:00','2022-08-09 11:48:31','2022-08-09 11:48:31'),(184,23,7,'21',NULL,'2022-08-09 11:46:03','2022-08-09 11:46:41','2022-08-09 11:46:41'),(185,23,7,'26',NULL,'2022-08-09 11:46:06','2022-08-09 11:46:24','2022-08-09 11:46:24'),(186,23,7,'20',NULL,'2022-08-09 11:49:47','2022-08-09 11:56:52','2022-08-09 11:56:52'),(187,23,7,'21',NULL,'2022-08-09 11:49:50','2022-08-09 11:53:59','2022-08-09 11:53:59'),(188,23,7,'26-02',NULL,'2022-08-09 11:49:53','2022-08-09 11:51:52','2022-08-09 11:51:52'),(189,23,7,'27',NULL,'2022-08-09 11:49:56','2022-08-09 11:51:27','2022-08-09 11:51:27'),(190,23,7,'24',NULL,'2022-08-09 11:49:59','2022-08-09 11:51:14','2022-08-09 11:51:14'),(191,23,7,'25',NULL,'2022-08-09 11:50:03','2022-08-09 11:50:32','2022-08-09 11:50:32'),(192,23,7,'23',NULL,'2022-08-09 11:59:31','2022-08-09 11:59:31',NULL),(193,23,7,'20',NULL,'2022-08-09 11:59:34','2022-08-09 11:59:34',NULL),(194,23,7,'21',NULL,'2022-08-09 11:59:36','2022-08-09 12:03:30','2022-08-09 12:03:30'),(195,23,7,'26',NULL,'2022-08-09 11:59:39','2022-08-09 12:03:28','2022-08-09 12:03:28'),(196,23,7,'27',NULL,'2022-08-09 11:59:42','2022-08-09 12:03:27','2022-08-09 12:03:27'),(197,23,7,'24',NULL,'2022-08-09 11:59:45','2022-08-09 12:03:25','2022-08-09 12:03:25'),(198,23,7,'25',NULL,'2022-08-09 11:59:49','2022-08-09 12:03:24','2022-08-09 12:03:24'),(199,23,7,'2A',NULL,'2022-08-09 11:59:53','2022-08-09 12:03:22','2022-08-09 12:03:22'),(200,25,6,'Чат создан!',NULL,'2022-08-09 12:08:00','2022-08-09 12:08:00',NULL),(201,25,6,'5A-4B',NULL,'2022-08-09 12:08:12','2022-08-09 12:43:59','2022-08-09 12:43:59'),(202,25,7,'23-10-C6',NULL,'2022-08-09 12:08:54','2022-08-09 12:43:56','2022-08-09 12:43:56'),(203,25,7,'44-45-92-56-B5',NULL,'2022-08-09 12:08:59','2022-08-09 12:43:54','2022-08-09 12:43:54'),(204,25,7,'55-45-92-59',NULL,'2022-08-09 12:10:42','2022-08-09 12:43:52','2022-08-09 12:43:52'),(205,25,7,'55-45-92-59-BA',NULL,'2022-08-09 12:10:45','2022-08-09 12:43:50','2022-08-09 12:43:50'),(206,25,7,'4B-5B-92-56-BA',NULL,'2022-08-09 12:11:24','2022-08-09 12:43:47','2022-08-09 12:43:47'),(207,25,7,'55-45-92-56',NULL,'2022-08-09 12:11:45','2022-08-09 12:43:46','2022-08-09 12:43:46'),(208,23,7,'23',NULL,'2022-08-09 12:13:17','2022-08-09 12:13:17',NULL),(209,25,7,'55-45-92',NULL,'2022-08-09 12:14:16','2022-08-09 12:43:45','2022-08-09 12:43:45'),(210,23,9,'55-45-92',NULL,'2022-08-09 12:26:39','2022-08-09 12:26:39',NULL),(211,23,9,'58-4A-92-5D-BA-EE-43',NULL,'2022-08-09 12:26:45','2022-08-09 12:26:45',NULL),(212,25,6,'55-45-92',NULL,'2022-08-09 12:27:15','2022-08-09 12:43:43','2022-08-09 12:43:43'),(213,25,6,'5A-4A-9D',NULL,'2022-08-09 12:27:19','2022-08-09 12:43:42','2022-08-09 12:43:42'),(214,25,7,'55-45-92',NULL,'2022-08-09 12:27:41','2022-08-09 12:41:11','2022-08-09 12:41:11'),(215,23,7,'5A-4A-9D',NULL,'2022-08-09 12:27:57','2022-08-09 12:27:57',NULL),(216,25,7,'55-45-92',NULL,'2022-08-09 12:39:12','2022-08-09 12:41:00','2022-08-09 12:41:00'),(217,25,7,'58-48-9F',NULL,'2022-08-09 12:40:43','2022-08-09 12:43:41','2022-08-09 12:43:41'),(218,25,7,'55-45-92-56-B5',NULL,'2022-08-09 12:41:27','2022-08-09 12:43:40','2022-08-09 12:43:40'),(219,23,7,'5A-4A-9D-59',NULL,'2022-08-09 12:41:44','2022-08-09 12:41:44',NULL),(220,23,9,'55-45-92-59-BA',NULL,'2022-08-09 12:42:22','2022-08-09 12:42:22',NULL),(221,23,7,'5A-4A-9D',NULL,'2022-08-09 12:42:47','2022-08-09 12:42:47',NULL),(222,25,7,'23',NULL,'2022-08-09 12:45:54','2022-08-09 12:45:54',NULL),(223,25,7,'20',NULL,'2022-08-09 12:45:58','2022-08-09 12:45:58',NULL),(224,25,7,'21',NULL,'2022-08-09 12:46:03','2022-08-09 12:46:03',NULL),(225,23,7,'23',NULL,'2022-08-09 12:46:11','2022-08-09 13:01:11','2022-08-09 13:01:11'),(226,23,7,'20',NULL,'2022-08-09 12:46:14','2022-08-09 12:46:14',NULL),(227,23,7,'55-45',NULL,'2022-08-09 12:50:14','2022-08-09 12:50:14',NULL),(228,26,6,'Чат создан!',NULL,'2022-08-09 12:50:46','2022-08-09 12:50:46',NULL),(229,26,6,'55-45',NULL,'2022-08-09 12:51:00','2022-08-09 13:00:58','2022-08-09 13:00:58'),(230,23,7,'55-45-92',NULL,'2022-08-09 12:55:10','2022-08-09 12:55:10',NULL),(231,23,7,'5A-4A-9C-59-BA',NULL,'2022-08-09 12:55:21','2022-08-09 12:55:21',NULL),(232,23,7,'54-44-93',NULL,'2022-08-09 12:56:40','2022-08-09 12:56:40',NULL),(233,26,6,'5A-4A-9D-56',NULL,'2022-08-09 12:57:00','2022-08-09 12:57:00',NULL),(234,23,9,'23-10-C6',NULL,'2022-08-09 12:57:50','2022-08-09 12:57:50',NULL),(235,26,6,'5A-4A-9D-56-B5',NULL,'2022-08-09 13:00:40','2022-08-09 13:00:40',NULL),(236,26,6,'55-45-91-59-B9',NULL,'2022-08-09 13:00:54','2022-08-09 13:00:54',NULL),(237,26,6,'5A-46-92-59-B9-F3-4D-1F-3A',NULL,'2022-08-09 13:00:56','2022-08-09 13:00:56',NULL),(238,23,7,'54-45-92-58-BB-FD-4C',NULL,'2022-08-09 13:01:15','2022-08-09 13:01:15',NULL),(239,23,7,'44-4C-9D-59-BE',NULL,'2022-08-09 13:01:19','2022-08-09 13:01:19',NULL),(240,26,9,'55-45-92',NULL,'2022-08-09 13:02:17','2022-08-09 13:02:17',NULL),(241,23,9,'55-4A-91-56-B9-F3-4F',NULL,'2022-08-09 13:02:24','2022-08-09 13:02:24',NULL),(242,23,9,'5A-46-9D-5A-B5',NULL,'2022-08-09 13:02:32','2022-08-09 13:02:32',NULL),(243,23,9,'5A-46-9D-5A-B5',NULL,'2022-08-09 13:02:40','2022-08-09 13:02:40',NULL),(244,23,7,'55-45-92-59',NULL,'2022-08-09 13:03:26','2022-08-09 13:03:26',NULL),(245,25,7,'55-46-9D-5A-B5',NULL,'2022-08-09 13:03:33','2022-08-09 13:03:33',NULL),(246,26,6,'55-45-92',NULL,'2022-08-09 13:04:11','2022-08-09 13:04:11',NULL),(247,26,6,'55-45-92-56-BA',NULL,'2022-08-09 13:04:25','2022-08-09 13:04:25',NULL),(248,25,6,'55-45-9D-56-A4-FD',NULL,'2022-08-09 13:04:35','2022-08-09 13:04:35',NULL),(249,26,9,'55-5B-8C-47',NULL,'2022-08-09 13:10:08','2022-08-09 13:10:08',NULL),(250,26,6,'55-44-93-58',NULL,'2022-08-09 13:10:13','2022-08-09 13:10:13',NULL),(251,23,9,'55-4A-9D-56',NULL,'2022-08-09 13:10:40','2022-08-09 13:10:40',NULL),(252,23,9,'55-45-92',NULL,'2022-08-09 13:10:44','2022-08-09 13:10:44',NULL),(253,23,7,'46-45-92-58-BA-F3',NULL,'2022-08-09 13:10:55','2022-08-09 13:10:55',NULL),(254,26,6,'55-45-91-5A-BA-FF',NULL,'2022-08-09 13:12:51','2022-08-09 13:12:51',NULL),(255,26,6,'5A-46-9D-5A-BF',NULL,'2022-08-09 13:12:55','2022-08-09 13:12:55',NULL),(256,25,7,'55-44-93',NULL,'2022-08-09 13:13:13','2022-08-09 13:13:13',NULL),(257,23,7,'55-45-97',NULL,'2022-08-09 13:13:21','2022-08-09 13:13:21',NULL),(258,23,7,'44-54-83',NULL,'2022-08-09 13:13:26','2022-08-09 13:13:26',NULL),(259,25,7,'54-4A-92-58-BE-ED-41-0C-78',NULL,'2022-08-09 13:13:32','2022-08-09 13:13:32',NULL),(260,26,6,'55-45-92-59',NULL,'2022-08-09 13:13:56','2022-08-09 13:13:56',NULL),(261,25,6,'46-50-93-4A-A9',NULL,'2022-08-09 13:14:01','2022-08-09 13:14:01',NULL),(262,25,6,'54-44-91-59',NULL,'2022-08-09 13:19:28','2022-08-09 13:19:28',NULL),(263,25,6,'5A-4A-9F-5A-B7-FF-41',NULL,'2022-08-09 13:19:33','2022-08-09 13:19:33',NULL),(264,26,6,'44-46-9D-5A-B5-FD-43',NULL,'2022-08-09 13:19:39','2022-08-09 13:19:39',NULL),(265,26,6,'55-46-9D-5A-B5-FD-43-1D-72-4C-95-20-88',NULL,'2022-08-09 13:19:45','2022-08-09 13:19:45',NULL),(266,26,6,'5A-46-9D-5A-B5',NULL,'2022-08-09 13:19:50','2022-08-09 13:19:50',NULL),(267,26,6,'55-45-9D',NULL,'2022-08-09 13:19:58','2022-08-09 13:19:58',NULL),(268,26,9,'51-4A-80-4B-A8',NULL,'2022-08-09 13:20:32','2022-08-09 13:20:32',NULL),(269,26,6,'55-45-9D-56',NULL,'2022-08-09 13:20:44','2022-08-09 13:20:44',NULL),(270,23,9,'23-10-C6',NULL,'2022-08-09 13:28:00','2022-08-09 13:28:00',NULL),(271,23,9,'24-14-C3',NULL,'2022-08-09 13:28:04','2022-08-09 13:28:04',NULL),(272,26,9,'55-46-9D-56-B9',NULL,'2022-08-09 13:28:11','2022-08-09 13:28:11',NULL),(273,26,9,'5A-46-9D-5A',NULL,'2022-08-09 13:28:14','2022-08-09 13:28:14',NULL),(274,26,9,'5A-46-9D-5A-B5',NULL,'2022-08-09 13:28:17','2022-08-09 13:28:17',NULL),(275,23,9,'44-46-9D-5A-B5-F3-4F',NULL,'2022-08-09 13:28:22','2022-08-09 13:28:22',NULL),(276,23,7,'55-46-92-5A-B5-FF-43',NULL,'2022-08-09 13:28:39','2022-08-09 13:28:39',NULL),(277,23,7,'50-46-97-5A-B5',NULL,'2022-08-09 13:28:41','2022-08-09 13:28:41',NULL),(278,23,7,'50-46-9D-5A-B5',NULL,'2022-08-09 13:28:48','2022-08-09 13:28:48',NULL),(279,25,7,'50-46-97-5A-BF-FF',NULL,'2022-08-09 13:28:53','2022-08-09 13:28:53',NULL),(280,25,7,'5A-46-9D-5A-B5',NULL,'2022-08-09 13:28:55','2022-08-09 13:28:55',NULL),(281,25,7,'5A-46-9D-5A',NULL,'2022-08-09 13:28:57','2022-08-09 13:28:57',NULL),(282,23,9,'55-45-92-59',NULL,'2022-08-09 13:29:51','2022-08-09 13:29:51',NULL),(283,25,6,'26-F2-46-0B-0D-20-FB-C4-CA-91',NULL,'2022-08-09 13:29:57','2022-08-09 13:29:57',NULL),(284,25,6,'27-F2-4B-EE-63-4B-9E-A9-A9-1F-2C-CE',NULL,'2022-08-09 13:30:04','2022-08-09 13:30:04',NULL),(285,25,6,'C2-82-25-80-0D-21-FB-C7-CA-9F-2D-F8',NULL,'2022-08-09 13:30:22','2022-08-09 13:30:22',NULL),(286,25,6,'C2-BC-25-8E-0D-25-FB-C9-CA-94-2D-F6-2D-1A',NULL,'2022-08-09 13:30:27','2022-08-09 13:30:27',NULL),(287,23,9,'55-45-92-59',NULL,'2022-08-09 16:11:22','2022-08-09 16:11:22',NULL),(288,23,9,'55-45-92-59',NULL,'2022-08-09 16:13:19','2022-08-09 16:13:19',NULL),(289,23,7,'C2-82-24-BE-0C-1B-FA-F9-3A',NULL,'2022-08-09 16:14:53','2022-08-09 16:14:53',NULL),(290,23,7,'55-45-92',NULL,'2022-08-09 16:59:15','2022-08-09 16:59:15',NULL),(291,23,7,'44-46-97-5A-B5',NULL,'2022-08-09 16:59:17','2022-08-09 16:59:17',NULL),(292,23,7,'55-46-92-5A-B5',NULL,'2022-08-09 17:06:09','2022-08-09 17:06:09',NULL),(293,23,7,'55-46-92-5A-B5-FF-49',NULL,'2022-08-09 17:06:15','2022-08-09 17:06:15',NULL),(294,23,7,'5A-47-9D-5B-B5-FE-43',NULL,'2022-08-09 17:06:18','2022-08-09 17:06:18',NULL),(295,27,8,'Чат создан!',NULL,'2022-08-09 17:10:01','2022-08-09 17:10:01',NULL),(296,27,8,'54-44',NULL,'2022-08-09 17:10:09','2022-08-09 17:10:09',NULL),(297,27,8,'57-50-81-4C-B9',NULL,'2022-08-09 17:10:14','2022-08-09 17:10:14',NULL),(298,27,8,'54-44-92-56',NULL,'2022-08-09 17:10:17','2022-08-09 17:10:17',NULL),(299,23,7,'55-45-92-59-A4',NULL,'2022-08-09 17:20:29','2022-08-09 17:20:29',NULL),(300,23,7,'44-45-92-56',NULL,'2022-08-09 17:21:09','2022-08-09 17:21:09',NULL),(301,23,7,'4B-45-92',NULL,'2022-08-09 17:21:55','2022-08-09 17:21:55',NULL),(302,23,7,'51-44-92-59',NULL,'2022-08-09 17:27:34','2022-08-09 17:27:34',NULL),(303,23,7,'5A-4A-9D-56',NULL,'2022-08-09 17:30:38','2022-08-09 17:30:38',NULL),(304,27,8,'5A-4A-9F-59-B9-FD-43',NULL,'2022-08-09 17:40:08','2022-08-09 17:40:08',NULL),(305,27,8,'55-45-93-56-BE',NULL,'2022-08-09 17:40:13','2022-08-09 17:40:13',NULL),(306,27,8,'54-44',NULL,'2022-08-09 17:48:10','2022-08-09 17:48:10',NULL),(307,27,8,'58-4A-92-54',NULL,'2022-08-09 17:48:16','2022-08-09 17:48:16',NULL),(308,23,7,'55-45-91-56-B9',NULL,'2022-08-09 17:48:31','2022-08-09 17:48:31',NULL),(309,23,7,'55-46-9D-5A-B5',NULL,'2022-08-09 17:48:34','2022-08-09 17:48:34',NULL),(310,23,7,'5A-46-9D-5A-B5',NULL,'2022-08-09 17:48:37','2022-08-09 17:48:37',NULL),(311,26,9,'55-46-92-59-B9',NULL,'2022-08-09 17:48:51','2022-08-09 17:48:51',NULL),(312,26,9,'50-46-9D-5A-B5',NULL,'2022-08-09 17:48:59','2022-08-09 17:48:59',NULL),(313,23,9,'5A-46-9D-5A-B5-FF-43',NULL,'2022-08-09 17:49:29','2022-08-09 17:49:29',NULL),(314,23,9,'5A-46-9D-5A-B5-FF',NULL,'2022-08-09 17:49:33','2022-08-09 17:49:33',NULL),(315,23,9,'50-46-9D-56-B9-F3-4F',NULL,'2022-08-09 17:49:35','2022-08-09 17:49:35',NULL),(316,27,9,'5A-46-9D-5A-B5-FF',NULL,'2022-08-09 17:49:49','2022-08-09 17:49:49',NULL),(317,27,9,'5A-46-9D-5A-B7-FF-41',NULL,'2022-08-09 17:49:52','2022-08-09 17:49:52',NULL),(318,27,9,'5A-46-9D-5A-B5-FF',NULL,'2022-08-09 17:49:55','2022-08-09 17:49:55',NULL),(319,27,9,'5B-5B-90-49-B4',NULL,'2022-08-09 17:50:04','2022-08-09 17:50:04',NULL),(320,27,8,'5A-45-93-4A-A8-EE',NULL,'2022-08-09 17:50:08','2022-08-09 17:50:08',NULL),(321,23,7,'55-4A-92-59-BB-FC',NULL,'2022-08-09 17:50:18','2022-08-09 17:50:18',NULL),(322,23,7,'4B-56-87-5B-B9-FD',NULL,'2022-08-09 17:50:24','2022-08-09 17:50:24',NULL),(323,24,7,'54-44-93',NULL,'2022-08-09 17:50:35','2022-08-09 17:50:35',NULL),(324,24,7,'51-5B-96-59-BE',NULL,'2022-08-09 17:50:39','2022-08-09 17:50:39',NULL),(325,24,8,'55-44-92-59-BB-E2',NULL,'2022-08-09 17:50:50','2022-08-09 17:50:50',NULL),(326,24,8,'4B-56-93-59-BA-EF',NULL,'2022-08-09 17:50:57','2022-08-09 17:50:57',NULL),(327,24,8,'55-50-87-59-BA-FC-4C',NULL,'2022-08-09 17:51:02','2022-08-09 17:51:02',NULL),(328,24,8,'46-56-92',NULL,'2022-08-09 17:51:23','2022-08-09 17:51:23',NULL),(329,24,8,'55-56-8C-57',NULL,'2022-08-09 17:51:29','2022-08-09 17:51:29',NULL),(330,23,9,'55-46-9D-4C-B5',NULL,'2022-08-09 17:51:35','2022-08-09 17:51:35',NULL),(331,23,9,'47-50-87-5D',NULL,'2022-08-09 17:51:42','2022-08-09 17:51:42',NULL),(332,23,9,'Голосовое сообщение','user-9/voicemessages/voice_09:08:2022 20:51:45.arm','2022-08-09 17:51:45','2022-08-09 17:51:45',NULL),(333,23,7,'5A-46-9D-5A-B5-FF-49',NULL,'2022-08-09 17:52:27','2022-08-09 17:52:27',NULL),(334,23,7,'5A-46-9D-5A-B5-FF',NULL,'2022-08-09 17:52:29','2022-08-09 17:52:29',NULL),(335,23,7,'5A-46-9D-5A-B7-F0-5E-1C-6F-4F-84-3F-98-DD-57',NULL,'2022-08-09 17:52:34','2022-08-09 17:52:34',NULL),(336,23,7,'56-4A-91-56-B9-F3-4F-11-7E-42-99-2C-9B-CE-55-EB-44-58-63-27-7B-C6-5F-E2-4E-51-69-3F-59-D3',NULL,'2022-08-09 17:52:39','2022-08-09 17:52:39',NULL),(337,23,7,'59-46-9F-58-B6-F0-4F-1D-71-41-99-22-96-C0-58',NULL,'2022-08-09 17:52:43','2022-08-09 17:52:43',NULL),(338,24,8,'5A-45-92-54-B5-E2-4C-11-70-4D-9B',NULL,'2022-08-09 17:52:53','2022-08-09 17:52:53',NULL),(339,27,8,'5A-46-9D-5A-BB-F3-4D-1F-72-4C-88-22-88',NULL,'2022-08-09 17:53:00','2022-08-09 17:53:00',NULL),(340,27,8,'58-46-80-59-AF-EE-52-1C-63-4E-9A-22-9F-C0-46',NULL,'2022-08-09 17:53:05','2022-08-09 17:53:05',NULL),(341,27,8,'Голосовое сообщение','user-8/voicemessages/voice_09:08:2022 20:53:08.arm','2022-08-09 17:53:08','2022-08-09 17:53:08',NULL),(342,27,8,'55-47-9D-58-B5-FF',NULL,'2022-08-09 17:53:12','2022-08-09 17:53:12',NULL),(343,27,8,'Голосовое сообщение','user-8/voicemessages/voice_09:08:2022 20:53:14.arm','2022-08-09 17:53:14','2022-08-09 17:53:14',NULL),(344,27,9,'5A-46-9D-5A-B5-FF-43-1D-3A',NULL,'2022-08-09 17:54:46','2022-08-09 17:54:46',NULL),(345,23,9,'5A-46-80-59-AF-E2-59-0C-68-42-8B-34',NULL,'2022-08-09 17:54:58','2022-08-09 17:54:58',NULL),(346,23,9,'5A-46-9D-5A-A8-FF',NULL,'2022-08-09 17:55:02','2022-08-09 17:55:02',NULL),(347,23,9,'47-47-9D-5A-B5-FF-43-1D-3A',NULL,'2022-08-09 17:55:07','2022-08-09 17:55:07',NULL),(348,23,7,'55-45-9D-58',NULL,'2022-08-09 18:06:52','2022-08-09 18:06:52',NULL),(349,23,7,'58-45-97-56-BA-EE',NULL,'2022-08-09 18:06:58','2022-08-09 18:06:58',NULL),(350,23,7,'5A-45-92-56-BB',NULL,'2022-08-09 18:07:15','2022-08-09 18:07:15',NULL),(351,23,7,'55-45-91-56-B9',NULL,'2022-08-09 18:32:44','2022-08-09 18:32:44',NULL),(352,23,7,'5A-46-97-5A-BF-FF-45-1D-70',NULL,'2022-08-09 18:32:48','2022-08-09 18:32:48',NULL),(353,23,9,'C2-B2-25-8E-0D-25-FB-C9-CA-99-2D-F6-2D-17',NULL,'2022-08-11 09:10:24','2022-08-11 09:10:24',NULL),(354,23,9,'C2-B2-25-8D-0D-2B-FB-CA-CA-9A-2D-F8-2D-14-E3-32-F2-82',NULL,'2022-08-11 09:10:26','2022-08-11 09:15:48','2022-08-11 09:15:48'),(355,23,9,'C2-BD-25-8D-0D-2B-FB-CA-CA-9A-2D-FB-2D-14-E3-3C-02',NULL,'2022-08-11 09:14:57','2022-08-11 09:14:57',NULL),(356,23,9,'C2-BF-25-8E-0D-26-FB-C9-CA-9A-2D-FB-2D-14-E3-3C-02',NULL,'2022-08-11 09:15:44','2022-08-11 09:15:44',NULL),(357,23,9,'C2-B2-25-80-0D-25-FB-C9-CA-94-2D-F6-2D-1A',NULL,'2022-08-11 09:17:38','2022-08-11 09:19:49','2022-08-11 09:19:49'),(358,23,9,'C2-82-24-BE-0C-1C-FB-C4-CA-9A-2C-C7',NULL,'2022-08-11 09:18:30','2022-08-11 09:19:51','2022-08-11 09:19:51'),(359,23,9,'C2-82-24-BF-0D-28-FB-C9-CA-99-2D-FB-2D-14-E3-3C-02',NULL,'2022-08-11 09:18:55','2022-08-11 09:19:52','2022-08-11 09:19:52'),(360,23,9,'C2-BF-25-83-0D-26',NULL,'2022-08-11 09:19:23','2022-08-11 09:19:56','2022-08-11 09:19:56'),(361,23,9,'C2-82-25-8E-0C-1B-FB-C9-CB-AA-2D-F8-2D-14',NULL,'2022-08-11 09:22:41','2022-08-11 09:22:41',NULL),(362,23,9,'C2-BA-25-8C-0C-1B-FA-F9-CA-9A-2D-F8-2D-14',NULL,'2022-08-11 09:22:44','2022-08-11 09:22:44',NULL),(363,23,9,'C2-BD-24-BE-0C-1B-FB-C9-CB-AA-2D-F6',NULL,'2022-08-11 09:22:47','2022-08-11 09:22:47',NULL),(364,23,9,'C2-82-25-8E-0C-1B-FB-C9-CA-94-2D-F4-2D-1A-E3-33-F2-89',NULL,'2022-08-11 09:25:00','2022-08-11 09:25:00',NULL),(365,23,9,'C2-BC-25-8E-0D-25-FB-C9-CA-94-2D-F8-2D-14',NULL,'2022-08-11 09:25:04','2022-08-11 09:25:04',NULL),(366,23,9,'C2-B2-25-8B-0D-2E-FA-F9-CA-94-2D-FD',NULL,'2022-08-11 09:26:11','2022-08-11 09:26:11',NULL),(367,23,9,'C2-BD-25-81-0D-24-FB-C6-3A',NULL,'2022-08-11 09:26:49','2022-08-11 09:26:49',NULL),(368,23,9,'C2-82-25-80-0D-25',NULL,'2022-08-11 09:32:12','2022-08-11 09:34:35','2022-08-11 09:34:35'),(369,23,9,'C2-BD-24-BE-0C-1B-FB-C6-3A',NULL,'2022-08-11 09:34:54','2022-08-11 09:34:54',NULL),(370,23,9,'C2-BD',NULL,'2022-08-11 09:34:59','2022-08-11 09:34:59',NULL),(371,26,6,'C2-B2-25-85-0D-2E-FB-C4-CA-9A-DD-96-42-75-B3-51-9A-E2-B7-9F-A8-7D-B9-A0-0A',NULL,'2022-08-11 09:50:17','2022-08-11 09:50:17',NULL),(372,28,6,'Чат создан!',NULL,'2022-08-11 09:55:44','2022-08-11 09:55:44',NULL),(373,28,6,'C2-B8-25-84',NULL,'2022-08-11 09:56:22','2022-08-11 09:56:22',NULL),(374,23,9,'C2-BD-24-BE-0C-1B-FB-C6-3A',NULL,'2022-08-11 10:01:40','2022-08-11 10:01:40',NULL),(375,23,9,'C2-BD-25-81-0C-1B-FB-C7-3A',NULL,'2022-08-11 10:03:19','2022-08-11 10:03:19',NULL),(376,23,9,'C2-BD-24-BE-0D-28-FB-CC-3A',NULL,'2022-08-11 10:05:09','2022-08-11 10:05:09',NULL),(377,23,9,'C2-82-25-80-0D-25-FB-C6-3A',NULL,'2022-08-11 10:07:29','2022-08-11 10:07:29',NULL),(378,23,9,'C2-82-25-80-0C-13',NULL,'2022-08-11 10:08:18','2022-08-11 10:08:18',NULL),(379,23,9,'C2-82-24-BE-0C-1B-FB-C7-3A',NULL,'2022-08-11 10:08:59','2022-08-11 10:08:59',NULL),(380,23,9,'C2-82-24-BE-0D-25-FB-C7-3A',NULL,'2022-08-11 10:09:07','2022-08-11 10:09:07',NULL),(381,23,9,'C2-82-24-BE-0D-2B-FB-C4-CA-99-2D-FB-2D-1B-E2-01-F3-B2',NULL,'2022-08-11 10:09:13','2022-08-11 10:09:13',NULL),(382,23,9,'C2-BC-25-80-0D-24-FB-C7-CB-AA',NULL,'2022-08-11 10:13:49','2022-08-11 10:13:49',NULL),(383,23,9,'C2-B2-24-BF-0C-1B-FB-C5-CB-AA-2D-FA-2D-19-E3-3D-F2-8F',NULL,'2022-08-11 10:13:57','2022-08-11 10:13:57',NULL),(384,23,9,'C2-BC-25-80-0D-25-FB-C7-CA-94',NULL,'2022-08-11 10:14:04','2022-08-11 10:14:04',NULL),(385,23,9,'C2-82-25-80-0D-25-FB-C7-CA-94-2D-F8',NULL,'2022-08-11 10:14:17','2022-08-11 10:14:17',NULL),(386,23,9,'C2-BD-24-BE-0D-25-FB-C6-CA-9F',NULL,'2022-08-11 10:20:56','2022-08-11 10:20:56',NULL),(387,23,9,'C2-B2-25-81-0D-24-FB-C6-3A',NULL,'2022-08-11 10:21:06','2022-08-11 10:21:06',NULL),(388,23,9,'C2-82-24-BE-0C-1B-FB-C6-CA-94-2D-F9',NULL,'2022-08-11 10:25:33','2022-08-11 10:25:33',NULL),(389,23,9,'C2-82-25-80-0C-1B-FB-C4-CB-AA',NULL,'2022-08-11 10:25:38','2022-08-11 10:25:38',NULL),(390,23,9,'C2-BE-24-BE-0C-1B-FB-C7-3A',NULL,'2022-08-11 10:25:59','2022-08-11 10:25:59',NULL),(391,23,9,'C2-BE-24-BE-0D-25-FB-C7-3A',NULL,'2022-08-11 10:26:42','2022-08-11 10:26:42',NULL),(392,23,9,'C2-82-24-BE-0C-1B',NULL,'2022-08-11 10:27:01','2022-08-11 10:27:01',NULL),(393,23,9,'C2-BD-24-BE-0C-1B',NULL,'2022-08-11 10:28:25','2022-08-11 10:28:25',NULL),(394,23,9,'C2-BC-25-80-0D-24-FA-F9-CB-AA',NULL,'2022-08-11 10:29:56','2022-08-11 10:29:56',NULL),(395,23,9,'C2-BC-25-80-0D-25-FB-C7-3A',NULL,'2022-08-11 10:30:01','2022-08-11 10:30:01',NULL),(396,23,9,'C2-82-24-BE-0C-1B',NULL,'2022-08-11 10:32:54','2022-08-11 10:32:54',NULL),(397,23,9,'C2-BF-25-83-0D-26-FB-C4-3A',NULL,'2022-08-11 10:40:23','2022-08-11 10:40:23',NULL),(398,23,9,'C2-BA-25-8C-0D-23-FB-CB-CB-A8-2D-F8',NULL,'2022-08-11 11:06:02','2022-08-11 11:06:02',NULL),(399,23,9,'C2-B2-25-80-0D-2B-FB-C7-CA-9A-2D-F5-2D-14',NULL,'2022-08-11 11:07:39','2022-08-11 11:07:39',NULL),(400,23,9,'C2-82-25-8E-0C-1B-FB-C9-CA-97-2D-F6-2D-17',NULL,'2022-08-11 11:07:41','2022-08-11 11:07:41',NULL),(401,23,9,'C2-BE-25-82-0D-27-FB-C6-3A',NULL,'2022-08-11 11:08:31','2022-08-11 11:08:31',NULL),(402,23,9,'C2-82-24-BE-0C-1B-FB-C9-CB-AB-2C-C4-2D-1A',NULL,'2022-08-11 11:43:44','2022-08-11 11:43:44',NULL),(403,23,9,'C2-BD-25-80-0D-24-FA-F9-CA-91-2D-F3-2D-1B',NULL,'2022-08-11 11:47:37','2022-08-11 11:47:37',NULL),(404,23,9,'C2-BD-25-8D-0D-2E-FB-C5-CA-92-CB-73-CE-74-83-51-9E',NULL,'2022-08-11 11:47:40','2022-08-11 11:47:40',NULL),(405,23,9,'C2-B9-25-8D-EB-4B-9E-A8-99-FA-4D-96-4E-93-05-B5-F2-82',NULL,'2022-08-11 11:47:44','2022-08-11 11:47:44',NULL),(406,23,9,'C2-BE-24-BE-0C-1B-FB-C7-3A',NULL,'2022-08-11 11:53:48','2022-08-11 16:36:23','2022-08-11 16:36:23'),(407,23,9,'32-02-25-A0-0D-25-FB-C7-CA-94-2D-F8-2D-1A',NULL,'2022-08-11 11:53:55','2022-08-11 11:53:55',NULL),(408,23,9,'C2-BE-24-BE-0C-1B-FB-C9-CB-AA-2C-C6',NULL,'2022-08-11 11:54:23','2022-08-11 11:54:23',NULL),(409,23,9,'C2-BF-25-83-0D-26-FB-C4-3A',NULL,'2022-08-11 11:56:00','2022-08-11 11:56:00',NULL),(410,23,9,'46-44-91-47-BB-E9',NULL,'2022-08-11 16:29:55','2022-08-11 16:29:55',NULL),(411,23,9,'56-5B-91-47-B9-EE-4F-0C-3A',NULL,'2022-08-11 16:30:53','2022-08-11 16:41:29','2022-08-11 16:41:29'),(412,23,9,'5A-46-80-5A-A8-FF-5E',NULL,'2022-08-11 16:30:56','2022-08-11 16:40:00','2022-08-11 16:40:00'),(413,23,9,'5A-44-8C-5A-A4',NULL,'2022-08-11 16:30:58','2022-08-11 16:35:12','2022-08-11 16:35:12'),(414,23,9,'4B-46-8C-5A',NULL,'2022-08-11 16:31:01','2022-08-11 16:33:52','2022-08-11 16:33:52'),(415,23,9,'23',NULL,'2022-08-11 16:44:12','2022-08-11 16:44:12',NULL),(416,23,9,'20',NULL,'2022-08-11 16:44:15','2022-08-11 16:44:15',NULL),(417,23,9,'21',NULL,'2022-08-11 16:44:18','2022-08-11 16:44:22','2022-08-11 16:44:22'),(418,23,9,'26',NULL,'2022-08-11 16:44:20','2022-08-11 16:44:20',NULL),(419,23,9,'55-45-91-58',NULL,'2022-08-11 16:46:04','2022-08-11 16:46:04',NULL),(420,23,9,'C2-8B-25-8E-0C-1A-0B-A9-A5-FA-43-96-4A-74-81-51-9C-E2-B8-9E-93-8C',NULL,'2022-08-11 17:03:17','2022-08-11 17:03:17',NULL),(421,23,9,'C2-BD-25-80-0D-2C-FB-CB-CA-94-2D-FB-2C-2A-13-B3-11',NULL,'2022-08-11 17:11:55','2022-08-11 17:11:55',NULL),(422,23,9,'23-10-C6',NULL,'2022-08-11 17:13:41','2022-08-11 17:13:41',NULL),(423,26,9,'C2-B6-25-8E-0C-1B-FB-C7-CA-98-2D-F6-DD',NULL,'2022-08-11 17:15:01','2022-08-11 17:15:01',NULL),(424,23,9,'23-11-C6-0B',NULL,'2022-08-11 17:28:00','2022-08-11 17:28:00',NULL);
/*!40000 ALTER TABLE `messages` ENABLE KEYS */;
UNLOCK TABLES;

--
-- Table structure for table `migrations`
--

DROP TABLE IF EXISTS `migrations`;
/*!40101 SET @saved_cs_client     = @@character_set_client */;
/*!40101 SET character_set_client = utf8 */;
CREATE TABLE `migrations` (
  `id` int(10) unsigned NOT NULL AUTO_INCREMENT,
  `migration` varchar(255) COLLATE utf8mb4_unicode_ci NOT NULL,
  `batch` int(11) NOT NULL,
  PRIMARY KEY (`id`)
) ENGINE=InnoDB AUTO_INCREMENT=15 DEFAULT CHARSET=utf8mb4 COLLATE=utf8mb4_unicode_ci;
/*!40101 SET character_set_client = @saved_cs_client */;

--
-- Dumping data for table `migrations`
--

LOCK TABLES `migrations` WRITE;
/*!40000 ALTER TABLE `migrations` DISABLE KEYS */;
INSERT INTO `migrations` VALUES (1,'2014_10_12_000000_create_users_table',1),(2,'2019_12_14_000001_create_personal_access_tokens_table',1),(3,'2021_09_09_123842_create_users_friends_table',1),(4,'2021_09_09_124442_create_chat_rooms_table',1),(5,'2021_09_09_124803_create_users_chat_rooms',1),(6,'2021_09_09_125050_create_messages_table',1),(7,'2021_11_10_065744_alter_messages_table',1),(8,'2021_11_17_081800_alter_user_table',1),(9,'2021_12_01_114222_create_calls_table',1),(10,'2021_12_01_120140_alter_users_table',1),(11,'2021_12_06_133251_alter_user_table_folder_field',1),(12,'2022_07_22_110226_create_jobs_table',2),(13,'2022_07_22_110529_create_failed_jobs_table',2),(14,'2022_08_03_153312_add_sot_deleting_messages_table',3);
/*!40000 ALTER TABLE `migrations` ENABLE KEYS */;
UNLOCK TABLES;

--
-- Table structure for table `personal_access_tokens`
--

DROP TABLE IF EXISTS `personal_access_tokens`;
/*!40101 SET @saved_cs_client     = @@character_set_client */;
/*!40101 SET character_set_client = utf8 */;
CREATE TABLE `personal_access_tokens` (
  `id` bigint(20) unsigned NOT NULL AUTO_INCREMENT,
  `tokenable_type` varchar(255) COLLATE utf8mb4_unicode_ci NOT NULL,
  `tokenable_id` bigint(20) unsigned NOT NULL,
  `name` varchar(255) COLLATE utf8mb4_unicode_ci NOT NULL,
  `token` varchar(64) COLLATE utf8mb4_unicode_ci NOT NULL,
  `abilities` text COLLATE utf8mb4_unicode_ci,
  `last_used_at` timestamp NULL DEFAULT NULL,
  `created_at` timestamp NULL DEFAULT NULL,
  `updated_at` timestamp NULL DEFAULT NULL,
  PRIMARY KEY (`id`),
  UNIQUE KEY `personal_access_tokens_token_unique` (`token`),
  KEY `personal_access_tokens_tokenable_type_tokenable_id_index` (`tokenable_type`,`tokenable_id`)
) ENGINE=InnoDB AUTO_INCREMENT=355 DEFAULT CHARSET=utf8mb4 COLLATE=utf8mb4_unicode_ci;
/*!40101 SET character_set_client = @saved_cs_client */;

--
-- Dumping data for table `personal_access_tokens`
--

LOCK TABLES `personal_access_tokens` WRITE;
/*!40000 ALTER TABLE `personal_access_tokens` DISABLE KEYS */;
INSERT INTO `personal_access_tokens` VALUES (1,'App\\Models\\User',1,'usertoken','b422c940f98d98c5e13004d71743c3d69a93ae2a2e48f92f06af69c8b9cf1e29','[\"*\"]',NULL,'2022-05-12 10:29:55','2022-05-12 10:29:55'),(2,'App\\Models\\User',1,'usertoken','393dc91efc9183f0b3f1304c2d457951adf49feed5ad9dc835568bf56cf5abc3','[\"*\"]','2022-08-11 09:58:40','2022-05-12 10:32:46','2022-08-11 09:58:40'),(3,'App\\Models\\User',1,'usertoken','aeb02a63df600797aae364bf5b7f2a443a4acf5cdfa31fdf7b5b74df7c5a588f','[\"*\"]',NULL,'2022-05-12 10:33:02','2022-05-12 10:33:02'),(4,'App\\Models\\User',1,'usertoken','4aa44307dc6445116f5b1ff0eabb830d3ee3eb60ff480b9e11e8c28bf9d91f42','[\"*\"]','2022-05-12 14:17:19','2022-05-12 11:00:20','2022-05-12 14:17:19'),(5,'App\\Models\\User',2,'usertoken','39d7da6ef5bf281dc95e6192c1129a762b5e1025661f31a8f5bd3650422c0074','[\"*\"]','2022-05-12 12:13:38','2022-05-12 12:08:36','2022-05-12 12:13:38'),(6,'App\\Models\\User',1,'usertoken','041275e2248a67a203d2a7084bf827f26fa028c8945d41510d13233673265851','[\"*\"]','2022-05-16 12:26:43','2022-05-16 12:26:40','2022-05-16 12:26:43'),(7,'App\\Models\\User',2,'usertoken','20caed1b86a523218b795663de27480f78996f8fe53d6f0720901fe72af9a4f2','[\"*\"]','2022-05-18 09:25:14','2022-05-16 12:31:59','2022-05-18 09:25:14'),(8,'App\\Models\\User',1,'usertoken','d4fa82ea4fd48bac60fd4d38841d8c802240699c22484ada7486ab15294001c7','[\"*\"]','2022-05-24 15:19:47','2022-05-16 12:33:28','2022-05-24 15:19:47'),(9,'App\\Models\\User',3,'usertoken','1e9b34c0f9fd16ac2fb2c6795bfeb1083cf32363a52781326e4dcd4ed6a4ab11','[\"*\"]','2022-05-16 13:21:58','2022-05-16 12:38:42','2022-05-16 13:21:58'),(10,'App\\Models\\User',4,'usertoken','44e9dfcf53fc96d52d63c1e75360a78afe2457e15802092290d25d57d9b75253','[\"*\"]','2022-05-18 09:29:08','2022-05-16 12:48:22','2022-05-18 09:29:08'),(11,'App\\Models\\User',5,'usertoken','6e62b8286a29737ac4d11becc0af8e6210fe0349fa8af87d234a30a115feabba','[\"*\"]','2022-05-31 04:51:37','2022-05-16 13:12:28','2022-05-31 04:51:37'),(12,'App\\Models\\User',3,'usertoken','b7c1f424ed1bcf6d71fe49fa585849250496ce307dd774546068464999b4544b','[\"*\"]','2022-05-24 13:47:24','2022-05-17 07:56:53','2022-05-24 13:47:24'),(13,'App\\Models\\User',3,'usertoken','45f083b792d4f9dc1fc622626bbaee5c46b650e0fcf42b43b3f1874eefa40569','[\"*\"]','2022-06-03 19:30:12','2022-05-18 07:39:44','2022-06-03 19:30:12'),(14,'App\\Models\\User',2,'usertoken','125052cb41701891b19b69368362cd6d91fdd5336c7a9e584ff77e4aa72eb5bd','[\"*\"]','2022-05-30 13:52:27','2022-05-18 09:26:52','2022-05-30 13:52:27'),(15,'App\\Models\\User',3,'usertoken','a84709df0ab251da20ae0e1a707e8c0d3ea45971083c0992fdbd0860bf9b26e2','[\"*\"]','2022-06-01 06:54:56','2022-05-18 09:29:29','2022-06-01 06:54:56'),(16,'App\\Models\\User',1,'usertoken','0890bccb3b4194f986fc53f9d0cdd764d63686c7a93d9a142c2d6eaff79678c3','[\"*\"]','2022-05-30 13:53:27','2022-05-30 13:52:50','2022-05-30 13:53:27'),(17,'App\\Models\\User',3,'usertoken','9783dc815c8ae4cc24491603d831a34615fa301fb2f73b9da572bdcf57f10bc9','[\"*\"]','2022-05-31 07:42:28','2022-05-30 13:54:30','2022-05-31 07:42:28'),(18,'App\\Models\\User',1,'usertoken','3341485b662aff047233cc0ca83ebb2bd288e71b20436525a5e1cc68f6202753','[\"*\"]','2022-05-31 07:51:35','2022-05-31 07:45:27','2022-05-31 07:51:35'),(19,'App\\Models\\User',1,'usertoken','65813c38947bcf42b5b9b12841e6a5916a2813b7a8971bfb3ebd802fa130c0ae','[\"*\"]','2022-05-31 07:54:49','2022-05-31 07:54:05','2022-05-31 07:54:49'),(20,'App\\Models\\User',2,'usertoken','ba5b86ab3602a9db89875e071f59c6227b0ca8fa7406c3779272d54eb31767ca','[\"*\"]','2022-05-31 07:55:41','2022-05-31 07:55:35','2022-05-31 07:55:41'),(21,'App\\Models\\User',1,'usertoken','3e0181aa128ee43c20cdfc232aa7d2375236fb843ebee9c854ed16b90b28043b','[\"*\"]','2022-05-31 08:02:54','2022-05-31 08:02:20','2022-05-31 08:02:54'),(22,'App\\Models\\User',1,'usertoken','f2501fdf00ef9a17b04671e3236302df17500ca266c0faf2de13385e496c3926','[\"*\"]','2022-05-31 08:05:20','2022-05-31 08:04:21','2022-05-31 08:05:20'),(23,'App\\Models\\User',1,'usertoken','99704fcb44a8b9965172df1b8a0c16e08a913847971fea7a8a9ea09db38f741f','[\"*\"]','2022-05-31 08:05:53','2022-05-31 08:05:37','2022-05-31 08:05:53'),(24,'App\\Models\\User',1,'usertoken','2cf4faa761edb78b4414bcd7185629e6dc8ab809b6771fe5f1a4431eca126ff1','[\"*\"]','2022-05-31 08:16:18','2022-05-31 08:07:25','2022-05-31 08:16:18'),(25,'App\\Models\\User',1,'usertoken','9b2be49baaf48d38fa78b6ec4dd075fa0f03a5c5e585ca927ff2fa14b098f0e2','[\"*\"]','2022-05-31 08:19:52','2022-05-31 08:16:31','2022-05-31 08:19:52'),(26,'App\\Models\\User',1,'usertoken','9fc56e820335d73757a502fe45ef37054545602409b5f901d2a08ec06c3c1ab7','[\"*\"]','2022-05-31 08:26:22','2022-05-31 08:20:21','2022-05-31 08:26:22'),(27,'App\\Models\\User',2,'usertoken','0ba87d06aab96e17f4cde89ae9dde09746864c873ac5b0906fde9d01223d10c9','[\"*\"]','2022-05-31 08:45:54','2022-05-31 08:29:09','2022-05-31 08:45:54'),(28,'App\\Models\\User',3,'usertoken','42a8b18eb77aef209b16d773cfe137a4222c6470ea02c4063e0d43b238c4127f','[\"*\"]','2022-06-01 09:07:57','2022-05-31 08:37:39','2022-06-01 09:07:57'),(29,'App\\Models\\User',2,'usertoken','487fd1082821a431a565cff5371d9c25793b72607b495ecfc46bf9422cd399a8','[\"*\"]','2022-05-31 16:17:45','2022-05-31 08:46:26','2022-05-31 16:17:45'),(30,'App\\Models\\User',2,'usertoken','1611a42be093b3a2259c22448fb5f8fff3cc53d427a91101c272480e2b811a53','[\"*\"]','2022-05-31 16:33:58','2022-05-31 16:18:02','2022-05-31 16:33:58'),(31,'App\\Models\\User',2,'usertoken','45d563f388a9c6015335e7d6821812905e4ab0883a08f1f260d5348599ce106c','[\"*\"]','2022-05-31 17:54:04','2022-05-31 16:34:09','2022-05-31 17:54:04'),(32,'App\\Models\\User',1,'usertoken','0396ba78aa3219ab6641b69cb2e0680c79b85a194f5e0eb2c2edb93822760fe4','[\"*\"]','2022-05-31 17:54:27','2022-05-31 17:54:17','2022-05-31 17:54:27'),(33,'App\\Models\\User',2,'usertoken','19a6a41f741f1f63fbeca0342feea64f3ae5a938aa9258da2c346cde59661e58','[\"*\"]','2022-06-01 05:53:11','2022-05-31 17:54:37','2022-06-01 05:53:11'),(34,'App\\Models\\User',2,'usertoken','9b6a02d406a124588b34f1f6ee4b1ab79a452923c01ffa6e770268800239d5e1','[\"*\"]','2022-06-01 07:18:15','2022-06-01 06:40:13','2022-06-01 07:18:15'),(35,'App\\Models\\User',3,'usertoken','17445844d15d6f2d2517b6f2e233ba6375374725d7337f080ee8ad7aa704707c','[\"*\"]','2022-06-01 08:36:41','2022-06-01 06:55:25','2022-06-01 08:36:41'),(36,'App\\Models\\User',2,'usertoken','e758d502eecd9b8f5750b3e48add8a5281add8c868ed2da74c56b5d06e228eed','[\"*\"]','2022-06-01 08:58:30','2022-06-01 07:26:47','2022-06-01 08:58:30'),(37,'App\\Models\\User',1,'usertoken','b78137099bc45404906dc758d647bfd7463ebbcbb31cc65381e1de70f926afb1','[\"*\"]','2022-06-01 09:40:44','2022-06-01 08:37:37','2022-06-01 09:40:44'),(38,'App\\Models\\User',1,'usertoken','beb8140746a0e5f5e25cd8520761a6a9836f34e38a5f7991ba6b0a0ef1d98317','[\"*\"]','2022-06-01 12:18:12','2022-06-01 08:50:37','2022-06-01 12:18:12'),(39,'App\\Models\\User',2,'usertoken','9c376ce3b0c0ca408b372d17f8ce447d1eff6136a68674d3d6b2d7b3869fada0','[\"*\"]','2022-06-01 10:30:34','2022-06-01 09:03:07','2022-06-01 10:30:34'),(40,'App\\Models\\User',3,'usertoken','0fcb4a0b2b1b561a63b42f2615f746f90355b10800f8dc9191177e8b2044ac7e','[\"*\"]','2022-06-01 09:44:48','2022-06-01 09:14:22','2022-06-01 09:44:48'),(41,'App\\Models\\User',4,'usertoken','7e542c3939b6dbd8bcf37e8256fd51b67acc22a17de9b2d2cd304170e6caa819','[\"*\"]','2022-06-03 11:49:02','2022-06-01 09:40:59','2022-06-03 11:49:02'),(42,'App\\Models\\User',3,'usertoken','461607b6ce8f099049ee9a733d3c193527d69bf49679d5a16b8cfffbdab00017','[\"*\"]','2022-06-02 07:01:06','2022-06-01 10:22:38','2022-06-02 07:01:06'),(43,'App\\Models\\User',2,'usertoken','f77c0411dd49bb7901b39d687487e7c0aafdeda7ae06e6c0edaee8045a3c022b','[\"*\"]','2022-06-03 09:21:10','2022-06-01 10:30:52','2022-06-03 09:21:10'),(44,'App\\Models\\User',3,'usertoken','fd9bc7e4a0fa9253e5dc783d7754d2cad2f130d0eacbee29a9aa2efe9a936534','[\"*\"]','2022-06-03 09:35:58','2022-06-02 07:06:15','2022-06-03 09:35:58'),(45,'App\\Models\\User',4,'usertoken','86d5585d2236d962d5938884474f327b445cec427cf66a0a2fc7c4c54cc7ed7a','[\"*\"]','2022-06-02 19:30:02','2022-06-02 19:09:53','2022-06-02 19:30:02'),(46,'App\\Models\\User',2,'usertoken','25a9a7137c00f5815c119d5ae8313d204d7e51cdd43cbffd663759c308723a96','[\"*\"]','2022-06-03 09:22:34','2022-06-03 09:22:06','2022-06-03 09:22:34'),(47,'App\\Models\\User',2,'usertoken','57750590e2a5923a6b675c1546f50224dba276570b1fe129ed5a1dcf65ba1502','[\"*\"]','2022-06-03 09:24:39','2022-06-03 09:22:59','2022-06-03 09:24:39'),(48,'App\\Models\\User',2,'usertoken','0a39b70386a16f0702ae6607dfa9a88ebae046268eec51e50d5b494c06e00a10','[\"*\"]','2022-06-03 09:28:16','2022-06-03 09:27:27','2022-06-03 09:28:16'),(49,'App\\Models\\User',1,'usertoken','927a41ad232d69fc39f3846b641f9366dee67d0ae21c448e3a34100c209e6588','[\"*\"]','2022-06-03 09:30:51','2022-06-03 09:30:42','2022-06-03 09:30:51'),(50,'App\\Models\\User',2,'usertoken','f99653dda3b42d12797fd0df0f315b88b671e4ba81b1bb76a060aea3953307ad','[\"*\"]','2022-06-03 11:25:15','2022-06-03 09:33:30','2022-06-03 11:25:15'),(51,'App\\Models\\User',3,'usertoken','976bf5970b78889815f3683296ea13d79f98be87f934bcfd235266de2ec4a526','[\"*\"]','2022-06-17 12:42:26','2022-06-03 09:36:21','2022-06-17 12:42:26'),(52,'App\\Models\\User',4,'usertoken','9ee473433081ed7ba900a6a5b393b51503e6dd51756f14589325db03f24e92d3','[\"*\"]','2022-06-03 11:49:38','2022-06-03 11:49:36','2022-06-03 11:49:38'),(53,'App\\Models\\User',2,'usertoken','450931f4e8e07381fa9e94dcd65c16da7833513fa46c7840fe9f91dee162f3a5','[\"*\"]','2022-06-03 11:58:29','2022-06-03 11:50:36','2022-06-03 11:58:29'),(54,'App\\Models\\User',2,'usertoken','b1161116263213c1bcc5f281b7dfd29bc37f3e8c4f95326bb7b5ae855b8a0d31','[\"*\"]','2022-06-03 11:59:24','2022-06-03 11:58:53','2022-06-03 11:59:24'),(55,'App\\Models\\User',2,'usertoken','ca1877884b9c095df1b00295b6f3a7b6bb31f7242e176d388a36195880b75a68','[\"*\"]','2022-06-03 12:00:14','2022-06-03 11:59:38','2022-06-03 12:00:14'),(56,'App\\Models\\User',2,'usertoken','4b9182a0e329d253c09a25229ab9d78a751cbc3e5f2f2a1d071bea2a8fd2ac72','[\"*\"]','2022-06-03 12:06:17','2022-06-03 12:00:30','2022-06-03 12:06:17'),(57,'App\\Models\\User',2,'usertoken','95cf12ff7602e2687804c39a696263d63e1fcfb211e95acce87aedaa37b2e268','[\"*\"]','2022-06-03 12:32:21','2022-06-03 12:08:22','2022-06-03 12:32:21'),(58,'App\\Models\\User',2,'usertoken','7043e9e0e3c4c8b980d07d17f8cabf82f45f60623cdb853a966ef817bb3bf274','[\"*\"]','2022-06-03 12:44:06','2022-06-03 12:32:50','2022-06-03 12:44:06'),(59,'App\\Models\\User',2,'usertoken','44d730fb88ba13c60ba4a493605ab93d7458bc11de3e5ada78728d988fa1e8bf','[\"*\"]','2022-06-03 14:04:18','2022-06-03 14:03:40','2022-06-03 14:04:18'),(60,'App\\Models\\User',2,'usertoken','78ea0b18d3244ae1e92f1b9af78aec6669d1942b7ed508f430430ec6bbff3813','[\"*\"]','2022-06-03 14:07:40','2022-06-03 14:07:16','2022-06-03 14:07:40'),(61,'App\\Models\\User',2,'usertoken','7772ffaddbc1188a75094c51b364117cd36d0b92dc85910d0255c91bf0651866','[\"*\"]','2022-06-03 14:13:49','2022-06-03 14:10:00','2022-06-03 14:13:49'),(62,'App\\Models\\User',2,'usertoken','2fb9553beedd82c534e81eecb0ebd64c2ad25e7ac3f1a58443e823c9ae067bbc','[\"*\"]','2022-06-03 14:58:30','2022-06-03 14:15:02','2022-06-03 14:58:30'),(63,'App\\Models\\User',1,'usertoken','90beed0d9aa28c92b7cd45d499dde1436f7f1f890341cf343b5537f3e3df325c','[\"*\"]','2022-06-03 14:19:46','2022-06-03 14:19:43','2022-06-03 14:19:46'),(64,'App\\Models\\User',2,'usertoken','03c0da2a6b6a94ee6393b34ce685291ab25d7b29d3cba0d35afd5512484efab2','[\"*\"]','2022-06-03 14:27:00','2022-06-03 14:22:32','2022-06-03 14:27:00'),(65,'App\\Models\\User',2,'usertoken','a34e759e2b18aaa03ab4cba9be725878ceb106004115fd30c1a320b4206ff509','[\"*\"]','2022-06-03 14:29:48','2022-06-03 14:29:44','2022-06-03 14:29:48'),(66,'App\\Models\\User',2,'usertoken','8547ff198405ccb70ca48ac9d274794989c251524868683a8d838d30a16f865d','[\"*\"]','2022-06-03 14:34:09','2022-06-03 14:34:02','2022-06-03 14:34:09'),(67,'App\\Models\\User',2,'usertoken','379fd997c95d8f184749977ac14d00045421b4d67187421c5ae1bfc1ba69bb7e','[\"*\"]','2022-06-03 14:35:34','2022-06-03 14:35:30','2022-06-03 14:35:34'),(68,'App\\Models\\User',1,'usertoken','26baa28f654183db25f9e99531a154374b73e243223d86094f4d43510b7ebb25','[\"*\"]','2022-06-03 14:50:53','2022-06-03 14:38:43','2022-06-03 14:50:53'),(69,'App\\Models\\User',2,'usertoken','5c3f44dd34b93764b8e08aa1c5a0d47c50340376de04502eacceb4a8bd326052','[\"*\"]','2022-06-03 15:04:45','2022-06-03 14:52:52','2022-06-03 15:04:45'),(70,'App\\Models\\User',1,'usertoken','6cb9a949994b559f24867897f59cbe7616c8a91882721cd900bad25ec24c8521','[\"*\"]','2022-06-23 09:47:42','2022-06-03 14:58:50','2022-06-23 09:47:42'),(71,'App\\Models\\User',2,'usertoken','82796e79d87f6cd9fd37874931115740ebd60f19ddf45b720e38b10547a1b860','[\"*\"]','2022-06-03 15:39:16','2022-06-03 15:04:59','2022-06-03 15:39:16'),(72,'App\\Models\\User',2,'usertoken','fbd8bf6c39ba108b87644d4d42a0ee247455446ad9f230fde377841860a8dcc6','[\"*\"]','2022-06-03 20:29:41','2022-06-03 15:39:29','2022-06-03 20:29:41'),(73,'App\\Models\\User',3,'usertoken','d894c008b1aaabb1298bbb40eef50649eb85488e9e7380a11d9d08176780c577','[\"*\"]','2022-06-03 20:29:22','2022-06-03 19:31:03','2022-06-03 20:29:22'),(74,'App\\Models\\User',3,'usertoken','86263339bb4267e53a3813fa725a05a989a982e8e379ea10e60be68b9a8bb6b0','[\"*\"]','2022-06-03 20:41:56','2022-06-03 20:36:59','2022-06-03 20:41:56'),(75,'App\\Models\\User',2,'usertoken','2a43222b56801e982a160f1961bb5c645999e90f3a9325e95e52de63cf870e2c','[\"*\"]','2022-06-03 20:54:05','2022-06-03 20:47:55','2022-06-03 20:54:05'),(76,'App\\Models\\User',3,'usertoken','69092dae4c109e1863c7a501330d393be11e71e5de8054bb30c4547899c62fdd','[\"*\"]','2022-06-23 10:15:02','2022-06-03 20:52:32','2022-06-23 10:15:02'),(77,'App\\Models\\User',2,'usertoken','c1075beea9f602f4f4b2df44a26d04b3be4067389d1aa15ff6f65d6f99cb87c0','[\"*\"]','2022-06-03 21:13:58','2022-06-03 20:55:20','2022-06-03 21:13:58'),(78,'App\\Models\\User',2,'usertoken','888a4e49bc1d818a1d725c499f0128bbf9eaff04b4121774fd02b7290947bc13','[\"*\"]','2022-06-06 05:18:02','2022-06-03 21:28:22','2022-06-06 05:18:02'),(79,'App\\Models\\User',2,'usertoken','7826b2f7fb7a39e6cd0078ee40153ca744769602e30a50e23c62291f2d505bc0','[\"*\"]','2022-06-06 05:57:37','2022-06-06 05:35:21','2022-06-06 05:57:37'),(80,'App\\Models\\User',2,'usertoken','3eda01dcb78b19f1eac904ae4d9140db87023e6a7a93468d688229a436deecfe','[\"*\"]','2022-06-06 13:07:25','2022-06-06 06:00:51','2022-06-06 13:07:25'),(81,'App\\Models\\User',2,'usertoken','eaaf60c70f46ff3047d44d49d1ff685d024db14ac8a0666bf62428323fe24a3c','[\"*\"]','2022-06-06 12:59:10','2022-06-06 12:58:30','2022-06-06 12:59:10'),(82,'App\\Models\\User',2,'usertoken','5416b29460fc7f4bbbbe686579e7f203b4788982c65f9e048b29b5e8e2f27679','[\"*\"]','2022-06-09 13:45:45','2022-06-06 13:12:02','2022-06-09 13:45:45'),(83,'App\\Models\\User',2,'usertoken','86671deabfe77d34cf54b9df92288ef1fa91727006cbd02754eb366b25cc3583','[\"*\"]','2022-06-09 13:49:07','2022-06-09 13:46:09','2022-06-09 13:49:07'),(84,'App\\Models\\User',2,'usertoken','3431b981154373453020eb25c69045f13dc58744f925cf5d1e6084999346adc8','[\"*\"]','2022-06-09 13:50:59','2022-06-09 13:49:36','2022-06-09 13:50:59'),(85,'App\\Models\\User',2,'usertoken','55ae30c596828be9ff23a411d7d1c86c3ca5320577ff79796f62e93d1a692b73','[\"*\"]','2022-06-09 13:51:20','2022-06-09 13:51:14','2022-06-09 13:51:20'),(86,'App\\Models\\User',2,'usertoken','05214d2e793bb25e1663ae706b6df64a17f4d0d3d8b23821055e80ca0082260f','[\"*\"]','2022-06-09 13:52:19','2022-06-09 13:51:33','2022-06-09 13:52:19'),(87,'App\\Models\\User',2,'usertoken','125801308d2722e8090a2015117cae0afb10e630824df767c0ab6e149f196415','[\"*\"]','2022-06-09 13:53:46','2022-06-09 13:52:33','2022-06-09 13:53:46'),(88,'App\\Models\\User',2,'usertoken','4e5f0cba2cd005791bbfd7a2bcfaa49e78acd210c41f235f9db6e7a6fa1dab24','[\"*\"]','2022-06-09 13:55:00','2022-06-09 13:54:02','2022-06-09 13:55:00'),(89,'App\\Models\\User',2,'usertoken','d08c61fdee1bd31557208946a0380e64331bce974faef938f9e6348090f306a5','[\"*\"]','2022-06-09 13:58:52','2022-06-09 13:55:13','2022-06-09 13:58:52'),(90,'App\\Models\\User',2,'usertoken','af5d4416923ec61eb32dcd60f2c4c1c56682aa6b61e6b09ab67779c5b489bada','[\"*\"]','2022-06-09 14:00:38','2022-06-09 13:59:08','2022-06-09 14:00:38'),(91,'App\\Models\\User',2,'usertoken','fba33c48386cf85d894e2743ea7483e1f35197d6140c4ec07060dbc631540c3d','[\"*\"]','2022-06-09 14:02:33','2022-06-09 14:00:53','2022-06-09 14:02:33'),(92,'App\\Models\\User',2,'usertoken','b9f144a6df1505eb7542c56828fb583a6854742884623aac5585fd592d0be409','[\"*\"]','2022-06-09 14:04:23','2022-06-09 14:02:42','2022-06-09 14:04:23'),(93,'App\\Models\\User',2,'usertoken','ebd69a771a199f502beaec10262937d633de7eeb369ece7820d1a37d2057d9dd','[\"*\"]','2022-06-09 14:05:26','2022-06-09 14:04:36','2022-06-09 14:05:26'),(94,'App\\Models\\User',2,'usertoken','7ed8ff42b550d7490fdc94d07f498236e6c6addc6bebc426ec5888f8527e5f1d','[\"*\"]','2022-06-09 14:07:05','2022-06-09 14:05:44','2022-06-09 14:07:05'),(95,'App\\Models\\User',2,'usertoken','7a12faa52b665794caa91554fd8a4b87c1242c4bef98058b8d066c8fddad5bf8','[\"*\"]','2022-06-09 14:12:24','2022-06-09 14:07:22','2022-06-09 14:12:24'),(96,'App\\Models\\User',2,'usertoken','e69b53bcb8c9b2a5243885ca89bb650684dc7c235037d031276270069a73c66d','[\"*\"]','2022-06-09 14:13:42','2022-06-09 14:13:00','2022-06-09 14:13:42'),(97,'App\\Models\\User',2,'usertoken','7acda884502c2e46fc485fe5cc2eafd7e8c5a5e4622e7d0213f74ef8fee331d6','[\"*\"]','2022-06-09 14:21:38','2022-06-09 14:14:46','2022-06-09 14:21:38'),(98,'App\\Models\\User',2,'usertoken','cebe0c2f64ef8bafb240d100f6be76db03000c9886ec26e1ad947418783bac1d','[\"*\"]','2022-06-09 14:23:29','2022-06-09 14:22:36','2022-06-09 14:23:29'),(99,'App\\Models\\User',2,'usertoken','f4959227b460aa63c034a70b0dc7efab97a454b5e37f9def7312279aff9d2095','[\"*\"]','2022-06-09 14:26:24','2022-06-09 14:23:45','2022-06-09 14:26:24'),(100,'App\\Models\\User',2,'usertoken','f38facb38f998b40393d1a811289f0f4eddd9949707cad5595a205ec6700eae0','[\"*\"]','2022-06-09 14:28:45','2022-06-09 14:26:43','2022-06-09 14:28:45'),(101,'App\\Models\\User',2,'usertoken','f49a725f26c4f45e60cfe3d08de4f6473198e2c7e5f3380286f898c74e7cf35f','[\"*\"]','2022-06-09 14:29:35','2022-06-09 14:28:56','2022-06-09 14:29:35'),(102,'App\\Models\\User',2,'usertoken','29efc7df9485016017ea81ff5d00bb859b8e4dd957a5572b354c37a79473381d','[\"*\"]','2022-06-09 14:30:19','2022-06-09 14:29:50','2022-06-09 14:30:19'),(103,'App\\Models\\User',1,'usertoken','0e40dbd24dd21402eeb31cf3ecfdfa09a49556fcec469e0f551a2ddf96fbf96a','[\"*\"]','2022-06-09 14:30:33','2022-06-09 14:30:32','2022-06-09 14:30:33'),(104,'App\\Models\\User',2,'usertoken','d25c343e5000ffa5f3e8182949c01cff5358720c1a298e699467f114d5e594c4','[\"*\"]','2022-06-09 14:36:19','2022-06-09 14:30:47','2022-06-09 14:36:19'),(105,'App\\Models\\User',2,'usertoken','da3189872134adeaeee403734972231a5f9d09c19d853bc81719b92592ef9373','[\"*\"]','2022-06-09 14:37:45','2022-06-09 14:36:47','2022-06-09 14:37:45'),(106,'App\\Models\\User',2,'usertoken','b220d0df0d0c2df56721930aa0605779412241446b7fd6c72cedb65434886853','[\"*\"]','2022-06-09 14:40:11','2022-06-09 14:38:51','2022-06-09 14:40:11'),(107,'App\\Models\\User',2,'usertoken','fbdb31f536164c0f97c3476396aff3f353c7efb729e4f9c6be77d3747600a2f0','[\"*\"]','2022-06-09 14:42:11','2022-06-09 14:40:29','2022-06-09 14:42:11'),(108,'App\\Models\\User',2,'usertoken','c8b93d30a375c788ed71d336566326fe0502a370c8cacebd3ed51fd4c0e9f1c3','[\"*\"]','2022-06-09 14:43:56','2022-06-09 14:42:31','2022-06-09 14:43:56'),(109,'App\\Models\\User',2,'usertoken','75a3869f7e09363c40166d583b1ca9b4daf61176915922d402e24884ebdf8508','[\"*\"]','2022-06-09 14:46:51','2022-06-09 14:44:16','2022-06-09 14:46:51'),(110,'App\\Models\\User',2,'usertoken','78577150b2efdceb7da69341b85188dd3e637ff9388da9e25ca7d4f4cd9f9fe1','[\"*\"]','2022-06-09 14:48:23','2022-06-09 14:47:12','2022-06-09 14:48:23'),(111,'App\\Models\\User',2,'usertoken','7bf5901d54d57605df267180cfeeee31eb37142848cf9b8e3b3f1ef708271e72','[\"*\"]','2022-06-10 13:51:40','2022-06-09 14:48:55','2022-06-10 13:51:40'),(112,'App\\Models\\User',2,'usertoken','2f7cdd64c2c9bcb8278c14e51982fe763a0ced3380b6f8a7ae8431faecf5147a','[\"*\"]','2022-06-10 14:01:29','2022-06-10 13:51:57','2022-06-10 14:01:29'),(113,'App\\Models\\User',2,'usertoken','3e2b5f109223e36116c0f9399b3439b0f1dfa642cb224a2819a724721b562dfe','[\"*\"]','2022-06-10 14:04:45','2022-06-10 14:01:59','2022-06-10 14:04:45'),(114,'App\\Models\\User',1,'usertoken','237bd6c81167a354493bf096f07a9d7fd720af622ee527f89ec5ea7eec322a0b','[\"*\"]','2022-06-10 14:05:00','2022-06-10 14:05:00','2022-06-10 14:05:00'),(115,'App\\Models\\User',2,'usertoken','1a53e7aefd9b8bf1c19cdbe44775f946a1da56d708cd63d4ccfa6c780785d673','[\"*\"]','2022-06-10 14:07:37','2022-06-10 14:05:17','2022-06-10 14:07:37'),(116,'App\\Models\\User',2,'usertoken','e01323b0efb45e81d2090350540b5ebe47d2cbe8fb614ee4cde487a14fdcabb1','[\"*\"]','2022-06-10 14:08:59','2022-06-10 14:07:58','2022-06-10 14:08:59'),(117,'App\\Models\\User',2,'usertoken','9a4537c313e43e777c4dfd390b960bbf77a0d4c3bb0462019f133280cf8054ca','[\"*\"]','2022-06-10 14:10:40','2022-06-10 14:09:10','2022-06-10 14:10:40'),(118,'App\\Models\\User',2,'usertoken','47a02421f278add2db81abfd6ff4d3b8dc027eb5b7ea3078a7d0f69d97fddccc','[\"*\"]','2022-06-10 14:11:39','2022-06-10 14:11:03','2022-06-10 14:11:39'),(119,'App\\Models\\User',2,'usertoken','9e40fa8111f2a3692a3b1cb45dd4e360a40304fcb7416efffb9c6c3cdce86652','[\"*\"]','2022-06-10 14:14:25','2022-06-10 14:11:54','2022-06-10 14:14:25'),(120,'App\\Models\\User',2,'usertoken','f825e61aad3a67bf548aa901b06b08d438beb630f3799ff6ffcf6b345df1d99f','[\"*\"]','2022-06-10 14:17:43','2022-06-10 14:16:12','2022-06-10 14:17:43'),(121,'App\\Models\\User',2,'usertoken','6006215af3d0dd5eb53ef58f0df45cd3a68c1e7ab6e568dc043613695b1d1c2d','[\"*\"]','2022-06-10 14:19:20','2022-06-10 14:18:00','2022-06-10 14:19:20'),(122,'App\\Models\\User',2,'usertoken','f194f092c14ad2d38b3614e9d48984a7df2f4f2fda5b6b9b95e544e12431dd40','[\"*\"]','2022-06-10 14:20:15','2022-06-10 14:19:36','2022-06-10 14:20:15'),(123,'App\\Models\\User',2,'usertoken','5ba59ca1dbb2624ab274c786a0aaaf9e8bfdcea30b95a408ec84ff2a2cdb39f4','[\"*\"]','2022-06-10 14:23:01','2022-06-10 14:20:40','2022-06-10 14:23:01'),(124,'App\\Models\\User',2,'usertoken','98166a9fae570726f1eb57186f2ceddbe7f6af240b885802c6bc0761333a639f','[\"*\"]','2022-06-16 07:20:15','2022-06-10 14:23:24','2022-06-16 07:20:15'),(125,'App\\Models\\User',2,'usertoken','e78567fba1d3b17fc9f1380a3079ca3e139d8cdc57e29edb42106f01bbff15d8','[\"*\"]','2022-06-16 07:28:28','2022-06-16 07:20:39','2022-06-16 07:28:28'),(126,'App\\Models\\User',2,'usertoken','235c23214b00ee80af4f62338112844cfae06f5ebbfadde2d66d7e0473195ef7','[\"*\"]','2022-06-16 07:50:50','2022-06-16 07:28:44','2022-06-16 07:50:50'),(127,'App\\Models\\User',2,'usertoken','c938f4dbec7f343ea8010a8d40b5d3b3a66f5545b00af19ae422212354096f4d','[\"*\"]','2022-06-16 08:03:51','2022-06-16 07:51:04','2022-06-16 08:03:51'),(128,'App\\Models\\User',2,'usertoken','e8cc8f3a5e3f8f092bf0caae6c3577648bcb2d9b9e9794b2c5b8284267fc5bce','[\"*\"]','2022-06-16 10:48:57','2022-06-16 08:04:08','2022-06-16 10:48:57'),(129,'App\\Models\\User',2,'usertoken','927caa6daed6670fbabf6a6c1e1424b48997d9d56f4ecd637aa318db3ff5bc57','[\"*\"]','2022-06-16 10:55:24','2022-06-16 10:49:12','2022-06-16 10:55:24'),(130,'App\\Models\\User',2,'usertoken','dc8bb00945e30194e878b576b58711128f479a64a4b920531ec69ec83e9f1912','[\"*\"]','2022-06-16 13:18:41','2022-06-16 10:55:37','2022-06-16 13:18:41'),(131,'App\\Models\\User',2,'usertoken','fcf6e1a9a807e67f7d2fa6efeb2d1667fce52c0548e8baa0363f75aee4c1e7bd','[\"*\"]','2022-06-16 13:20:07','2022-06-16 13:18:55','2022-06-16 13:20:07'),(132,'App\\Models\\User',2,'usertoken','c0bbc34c80d525c872306bb39ddd9261e761e22d1b4df8e7d98a48a4b31cce5f','[\"*\"]','2022-06-16 13:21:44','2022-06-16 13:20:20','2022-06-16 13:21:44'),(133,'App\\Models\\User',2,'usertoken','6a470863cef3b71da8deb056dd8d0b06c880efdc573a8c4e98d278212ac728b6','[\"*\"]','2022-06-16 13:22:15','2022-06-16 13:22:00','2022-06-16 13:22:15'),(134,'App\\Models\\User',2,'usertoken','f6cb2e43e2864f9d2235907980d627f816d4cb01506416f58a11a9eb077d7d73','[\"*\"]','2022-06-16 13:23:09','2022-06-16 13:22:26','2022-06-16 13:23:09'),(135,'App\\Models\\User',2,'usertoken','b204a0728a7797c3e5772261db4a3e7bc08fa4d3716e0138d8a2f495a4de268c','[\"*\"]','2022-06-16 13:26:23','2022-06-16 13:23:22','2022-06-16 13:26:23'),(136,'App\\Models\\User',2,'usertoken','b3ae9ce61e948923a042e6927e8a4e63ef19243f9fe9da2671c453ba7d5bd146','[\"*\"]','2022-06-16 13:33:22','2022-06-16 13:27:18','2022-06-16 13:33:22'),(137,'App\\Models\\User',2,'usertoken','ee263ba61d73c58ea044af73e2f1e01bcc621743dd82d95e189ebe47795ce2a3','[\"*\"]','2022-06-16 13:34:26','2022-06-16 13:33:44','2022-06-16 13:34:26'),(138,'App\\Models\\User',2,'usertoken','814da21aff3821b884e62e5ba5d48fafd9ac131fff02486cd1ab86b86578aefc','[\"*\"]','2022-06-16 13:43:54','2022-06-16 13:34:44','2022-06-16 13:43:54'),(139,'App\\Models\\User',2,'usertoken','0029d82ba8ceb02533bc632a298bbc69a15b1ef3bb346b69d48a0acd1a3dc465','[\"*\"]','2022-06-16 13:50:51','2022-06-16 13:44:05','2022-06-16 13:50:51'),(140,'App\\Models\\User',2,'usertoken','5caa81c73b13c35e5f980d85195f22106badc1bca2192939ce08c38d0fbbfb07','[\"*\"]','2022-06-16 13:58:19','2022-06-16 13:51:11','2022-06-16 13:58:19'),(141,'App\\Models\\User',2,'usertoken','2d4ecdcc29178417d2ef60aaeb14eeefc98d7d7f1e012e98acd5085d8563a1e6','[\"*\"]','2022-06-16 16:14:59','2022-06-16 13:58:35','2022-06-16 16:14:59'),(142,'App\\Models\\User',2,'usertoken','23c935985e905273fc516e9304449665124c6a367c3b60a1856da13dc73f93da','[\"*\"]','2022-06-17 06:52:13','2022-06-16 16:15:10','2022-06-17 06:52:13'),(143,'App\\Models\\User',2,'usertoken','dfca75171fff015037fab6b5bf9e9559674df9b80228762da78a9cb504df02b7','[\"*\"]','2022-06-17 07:01:11','2022-06-17 06:52:28','2022-06-17 07:01:11'),(144,'App\\Models\\User',2,'usertoken','b5a55dc5032674f5a003d8776fc22eb35c7bfa4403cf0b6a38e743244e4f740b','[\"*\"]','2022-06-17 09:30:33','2022-06-17 07:01:23','2022-06-17 09:30:33'),(145,'App\\Models\\User',2,'usertoken','86f272538d92ef97d968d84e7d24d6e0a4f85126a3794697beaf25891e9b902a','[\"*\"]','2022-06-17 12:56:38','2022-06-17 09:31:47','2022-06-17 12:56:38'),(146,'App\\Models\\User',2,'usertoken','3392ff52a764f5b18ade361917dced0d6fdf7ba41b6e1bb214cdafe562f50c8f','[\"*\"]','2022-06-19 06:52:23','2022-06-17 12:56:49','2022-06-19 06:52:23'),(147,'App\\Models\\User',2,'usertoken','e63da08d8a41242a43ce3d31439eead761edb6186d3076a0bd8cc0570adc9678','[\"*\"]','2022-06-20 15:56:08','2022-06-20 07:36:57','2022-06-20 15:56:08'),(148,'App\\Models\\User',2,'usertoken','c22e1b9716f6af2ca44950efa14aa561a13205f32d3e82bf101ebf66054350c1','[\"*\"]','2022-06-20 16:12:10','2022-06-20 15:56:20','2022-06-20 16:12:10'),(149,'App\\Models\\User',2,'usertoken','59c4bad1e9c311fb532e28d88b2ad24b4237845fe60716b0777e01369a5184ea','[\"*\"]','2022-06-21 22:29:18','2022-06-20 16:12:25','2022-06-21 22:29:18'),(150,'App\\Models\\User',2,'usertoken','f4fda94b6d9829aaea1c6769c99fe7fc1451f9a0f13ed8d6320028e995607cda','[\"*\"]','2022-06-21 22:31:10','2022-06-21 22:29:37','2022-06-21 22:31:10'),(151,'App\\Models\\User',2,'usertoken','6f2d38894b44f851e7cd18c8240cdc38cca1031595e0f358c6f8243ad1cb1d27','[\"*\"]','2022-06-23 10:44:58','2022-06-21 22:31:27','2022-06-23 10:44:58'),(152,'App\\Models\\User',1,'usertoken','0ff501b589fd2c54b3a80bbc3d20efc094fb9b0341f1e49a61b3bed115664c48','[\"*\"]','2022-06-23 09:52:15','2022-06-23 09:48:04','2022-06-23 09:52:15'),(153,'App\\Models\\User',1,'usertoken','b2177c7ec383797450bc89969a536d932980eb35283014e440f49a89df66b772','[\"*\"]','2022-06-23 13:56:22','2022-06-23 09:55:48','2022-06-23 13:56:22'),(154,'App\\Models\\User',2,'usertoken','d3f21d2b558d342e0572a6ba480fe13abfb1a763427abd04590559caafa906c7','[\"*\"]','2022-06-23 10:52:41','2022-06-23 10:47:52','2022-06-23 10:52:41'),(155,'App\\Models\\User',3,'usertoken','17ce9e679cf1707b64131f75ef04d10d156f0444daa5190be460b81d18a8c746','[\"*\"]','2022-06-23 13:41:58','2022-06-23 13:23:41','2022-06-23 13:41:58'),(156,'App\\Models\\User',2,'usertoken','3c943bed617a9b8a539e4259998822ad29202dbba6ecf2950e02efcaa7e735fa','[\"*\"]','2022-06-25 09:54:23','2022-06-23 13:48:28','2022-06-25 09:54:23'),(157,'App\\Models\\User',3,'usertoken','33939104b5406292426d248da330677b31b2861392ca36c5ef70a651e4b0878b','[\"*\"]','2022-06-25 16:47:17','2022-06-23 14:00:10','2022-06-25 16:47:17'),(158,'App\\Models\\User',2,'usertoken','ffdb6372949296f711db601024f9c8bbb3269da6549c7e71d17e7e203eefef2b','[\"*\"]','2022-06-25 10:54:18','2022-06-25 09:54:09','2022-06-25 10:54:18'),(159,'App\\Models\\User',3,'usertoken','7065770c4fa4f714ca47d9da2b5f0b1b84f8f991443a7960a1f3c9d476a4298b','[\"*\"]','2022-06-27 11:24:49','2022-06-25 09:54:50','2022-06-27 11:24:49'),(160,'App\\Models\\User',2,'usertoken','3d47646c2fc4416c898303619f0fd6200706cc70a511cfb58883bf7b3deee2a4','[\"*\"]','2022-06-25 13:30:42','2022-06-25 10:56:32','2022-06-25 13:30:42'),(161,'App\\Models\\User',2,'usertoken','41cdca59f3b2002cbae7563335963593176495699bdb25505269c666e2deb384','[\"*\"]','2022-06-25 13:35:20','2022-06-25 13:35:19','2022-06-25 13:35:20'),(162,'App\\Models\\User',2,'usertoken','cfac824e139ef32a824c54c59af0536c42167c6f7c315c8e132b2fc41b216743','[\"*\"]','2022-06-25 13:36:37','2022-06-25 13:36:36','2022-06-25 13:36:37'),(163,'App\\Models\\User',2,'usertoken','955ad200d6af61ba9a3a9d1100bd71adba28d05ad223893b3701626d35504a30','[\"*\"]','2022-06-27 03:25:29','2022-06-25 13:37:20','2022-06-27 03:25:29'),(164,'App\\Models\\User',2,'usertoken','6c59daa6078dbc12d003fe3154b042c6c1b14a367d96a67607458c017b820c9f','[\"*\"]','2022-06-27 14:02:16','2022-06-27 11:24:13','2022-06-27 14:02:16'),(165,'App\\Models\\User',3,'usertoken','0f50cc772a288848824c1a9e3bf5f9d98600722c73b10af06b10d706f60c053b','[\"*\"]','2022-06-27 11:29:23','2022-06-27 11:25:04','2022-06-27 11:29:23'),(166,'App\\Models\\User',3,'usertoken','c9f11e507349e07f4b0c546cc4b959be281b5bcdc764b2f400aa887a5215d3bc','[\"*\"]','2022-06-27 19:03:44','2022-06-27 11:29:35','2022-06-27 19:03:44'),(167,'App\\Models\\User',1,'usertoken','7737c301f4563cffc641f2ce756bd5a80f553811a44400e79ecf3a8fd3dccb22','[\"*\"]','2022-06-27 14:06:16','2022-06-27 12:51:34','2022-06-27 14:06:16'),(168,'App\\Models\\User',3,'usertoken','3f4d5d20664b7247c045e7594fc96f0f5b64ce02ffcaa390bf3b5a5d882e4216','[\"*\"]','2022-06-27 14:31:26','2022-06-27 13:07:17','2022-06-27 14:31:26'),(169,'App\\Models\\User',2,'usertoken','fb544ce732159b19014d13b95de52682be255e8c0a19afee5b660f6cc9376a6e','[\"*\"]','2022-07-06 06:27:16','2022-06-27 13:27:24','2022-07-06 06:27:16'),(170,'App\\Models\\User',2,'usertoken','c8b31bb95b80312358ad9e2e96f80ed0eb0ce6355915e29091150f60a5212e73','[\"*\"]','2022-06-29 22:34:07','2022-06-27 14:02:36','2022-06-29 22:34:07'),(171,'App\\Models\\User',1,'usertoken','04f3fad3cc492681ff9c0660ffdca6b7db867b403f190ee1dfa5cadb19accbfe','[\"*\"]','2022-08-05 11:35:28','2022-06-27 14:06:41','2022-08-05 11:35:28'),(172,'App\\Models\\User',4,'usertoken','9ffca29f5c8af76e8109eb1432201f9e22bee506e68ea46e94ed5b7b271f4e83','[\"*\"]','2022-07-11 01:17:53','2022-06-27 14:13:16','2022-07-11 01:17:53'),(173,'App\\Models\\User',3,'usertoken','a37c8e9f70ebe9ff6a11e909d6c92e4c1185612b5ff72424b5074b9c51ee621f','[\"*\"]','2022-07-22 14:27:25','2022-06-27 14:32:17','2022-07-22 14:27:25'),(174,'App\\Models\\User',5,'usertoken','184383714468af5376e9eeb8d5ec56503c863ed12e02562845f01303750fa9c9','[\"*\"]','2022-06-28 12:38:14','2022-06-27 15:27:54','2022-06-28 12:38:14'),(175,'App\\Models\\User',2,'usertoken','0e2bc1e73d645687ebe1831eed8aca0f5a1e92a6957c2aed7f97ff331bf448e7','[\"*\"]','2022-06-28 12:58:33','2022-06-28 12:58:14','2022-06-28 12:58:33'),(176,'App\\Models\\User',2,'usertoken','c58b1a3d24fa66d1e8102f32a8f2a184f364ebfe9aae35ea85f997e61b22fecc','[\"*\"]','2022-06-28 12:58:49','2022-06-28 12:58:48','2022-06-28 12:58:49'),(177,'App\\Models\\User',1,'usertoken','76d976118229e5f6fc66f8b61673feb207b2aff9fd01a778978057978b646def','[\"*\"]','2022-06-28 13:07:55','2022-06-28 13:07:28','2022-06-28 13:07:55'),(178,'App\\Models\\User',4,'usertoken','378e246d7a2f3e66ed73163778f440aabbe8b2bdd11d2b0c9f6ede232cc44b87','[\"*\"]','2022-06-28 13:09:56','2022-06-28 13:09:56','2022-06-28 13:09:56'),(179,'App\\Models\\User',5,'usertoken','c9bd2ed81badf0966830d70a7abde4ead5e441014ec08be16662ee20a4f2cf16','[\"*\"]','2022-06-28 13:10:17','2022-06-28 13:10:13','2022-06-28 13:10:17'),(180,'App\\Models\\User',1,'usertoken','9f9d6ce8ecfde9d75590e7fb5f392bef2b62573478b181ea96481ae4de095241','[\"*\"]','2022-06-29 22:35:00','2022-06-29 22:34:29','2022-06-29 22:35:00'),(181,'App\\Models\\User',3,'usertoken','fe62b9ae9e89f0b6275899525ceb9714f4da61bb91e925a7277430afd5d83657','[\"*\"]','2022-06-30 21:07:55','2022-06-30 21:07:34','2022-06-30 21:07:55'),(182,'App\\Models\\User',2,'usertoken','738ca8a79b120ee2f9cd0446022c69580a60c2c97df4043e1d01d207d9340c73','[\"*\"]','2022-07-01 10:24:20','2022-07-01 10:24:09','2022-07-01 10:24:20'),(183,'App\\Models\\User',2,'usertoken','0ca0569e2d7b308f525ffc64188541a041e655d58d94f3878d2977db3bd18edf','[\"*\"]','2022-07-04 06:42:24','2022-07-04 06:39:19','2022-07-04 06:42:24'),(184,'App\\Models\\User',1,'usertoken','d53474d9d84fe16fe759762155121f426997edde724be949be6ecd484017458d','[\"*\"]','2022-07-04 07:04:28','2022-07-04 06:42:36','2022-07-04 07:04:28'),(185,'App\\Models\\User',1,'usertoken','120997b74bc1572f8a662594a442a10fe0dccc72c9cd89837d6dd9d1c438eafb','[\"*\"]','2022-07-04 07:04:43','2022-07-04 07:04:43','2022-07-04 07:04:43'),(186,'App\\Models\\User',4,'usertoken','cca78b89f6cf840cff291afb7098183e481a9603571fade060ffcabaaead4db6','[\"*\"]','2022-07-06 08:13:14','2022-07-05 13:22:27','2022-07-06 08:13:14'),(187,'App\\Models\\User',5,'usertoken','2f575ce12b83d376055e9dfed8cd226c36674e19e657cbbd5761a197e35f0fb7','[\"*\"]','2022-07-06 08:01:59','2022-07-05 13:23:07','2022-07-06 08:01:59'),(188,'App\\Models\\User',3,'usertoken','a30c119ec55a34a68632990bf7db985adb9157a3534938c6198c904472c64dd6','[\"*\"]','2022-07-05 13:38:38','2022-07-05 13:32:14','2022-07-05 13:38:38'),(189,'App\\Models\\User',3,'usertoken','445ae2a72ea8e452490fa8696c370ca1cf38a71a1ced65890c40ab770cb19935','[\"*\"]','2022-07-08 09:37:11','2022-07-05 13:39:04','2022-07-08 09:37:11'),(190,'App\\Models\\User',1,'usertoken','21f2369f600df9ae09dad0bfa27a8013e5bd77f9ed1f4a1787729b3572cb0eaf','[\"*\"]','2022-07-06 08:04:04','2022-07-06 08:02:19','2022-07-06 08:04:04'),(191,'App\\Models\\User',1,'usertoken','80d4e01232f9174dad503533abff93ddf68ea54b57dd6f4da35177e14fe0b0f6','[\"*\"]','2022-07-06 08:12:10','2022-07-06 08:04:22','2022-07-06 08:12:10'),(192,'App\\Models\\User',1,'usertoken','6703f0647fdc87d8d7d938852c508dc428e0c84a60791990a839dbb92bd395e0','[\"*\"]','2022-07-08 09:26:02','2022-07-06 08:12:26','2022-07-08 09:26:02'),(193,'App\\Models\\User',1,'usertoken','0469a55dfff1db84f7180f01420547cdf5237bebc86e04f47724191ba9f9835f','[\"*\"]','2022-07-08 09:26:50','2022-07-06 08:13:32','2022-07-08 09:26:50'),(194,'App\\Models\\User',4,'usertoken','c2a8bc835f29465cfe704024d2421cabe751b417202456792ed269ee38abfff7','[\"*\"]','2022-07-08 11:32:30','2022-07-08 09:27:11','2022-07-08 11:32:30'),(195,'App\\Models\\User',5,'usertoken','9d80ac2e6a013efcb47f5b6ee6902ba2fcdedc66733273b70add37a03b553f5b','[\"*\"]','2022-07-12 07:38:58','2022-07-08 09:27:40','2022-07-12 07:38:58'),(196,'App\\Models\\User',5,'usertoken','166ec42c4162dfb54e1a6ed7ba9ef06bd042590b3d02edc0e057c7fd2dcca937','[\"*\"]','2022-07-20 12:14:42','2022-07-08 09:37:34','2022-07-20 12:14:42'),(197,'App\\Models\\User',2,'usertoken','7735087b905b541eb9dc106dd1204ae42e8f138531886e88a882a72c51439cbf','[\"*\"]','2022-07-12 07:29:24','2022-07-08 11:32:53','2022-07-12 07:29:24'),(198,'App\\Models\\User',2,'usertoken','2523a33e2e130f4d7271aa3d09dc05b2f4f05d75e4a2100c60fd881ec50a936e','[\"*\"]','2022-07-12 07:29:40','2022-07-12 07:29:40','2022-07-12 07:29:40'),(199,'App\\Models\\User',5,'usertoken','cdd6b5d9d3e106a8d258e5ecce19b9a7693fc40e0a3dd643d91d583cc3b2b4cc','[\"*\"]','2022-07-12 07:36:52','2022-07-12 07:30:05','2022-07-12 07:36:52'),(200,'App\\Models\\User',2,'usertoken','2ea6172c4a1e998c2b0c1313b982e11b1ae90370fdf09a2d8e30699ee9bb42f2','[\"*\"]','2022-07-12 07:42:01','2022-07-12 07:37:21','2022-07-12 07:42:01'),(201,'App\\Models\\User',3,'usertoken','0d5c420e62e4e2630cb381d4707767d29b132e576f80b6f4aefbdd85225fd5a0','[\"*\"]','2022-07-12 08:36:06','2022-07-12 07:39:24','2022-07-12 08:36:06'),(202,'App\\Models\\User',2,'usertoken','732c85f8c5e3c10888ee00a7e8e4e6ed3408be19314d817494bc8741ffc8cb4a','[\"*\"]','2022-07-12 07:55:53','2022-07-12 07:43:39','2022-07-12 07:55:53'),(203,'App\\Models\\User',1,'usertoken','f3af149e521b30f856f8f604e1a72adf73913e367cd0307ed8bcbd1629f4c02f','[\"*\"]','2022-07-12 08:31:27','2022-07-12 07:56:13','2022-07-12 08:31:27'),(204,'App\\Models\\User',5,'usertoken','9db56aa78ad6a0cb0be61557ad37ced22b73789dc3e78f11ccc8a76aefa491f0','[\"*\"]','2022-07-13 08:54:07','2022-07-12 08:35:55','2022-07-13 08:54:07'),(205,'App\\Models\\User',4,'usertoken','31d315b2aa249e1fabcc94d38003c2ba2e6442bd2604fdde3de0c782dabb1555','[\"*\"]','2022-07-13 09:12:36','2022-07-12 08:37:53','2022-07-13 09:12:36'),(206,'App\\Models\\User',3,'usertoken','08a12eaf11a2d45a0669e33e85d8ce045741025d9e1db3b862a9a498fa3bbb40','[\"*\"]','2022-07-13 11:46:45','2022-07-13 09:12:52','2022-07-13 11:46:45'),(207,'App\\Models\\User',1,'usertoken','515199fb5b5923dd3fc86e8ba1c86679e331bd5f5875c8c79bb26a4c9f94b134','[\"*\"]','2022-07-13 09:21:51','2022-07-13 09:15:33','2022-07-13 09:21:51'),(208,'App\\Models\\User',1,'usertoken','b843d63697ecb00eb0a06703cdb62cd4d6a785a8cfa0a7ee486ae4169c1ec994','[\"*\"]','2022-07-13 11:47:32','2022-07-13 09:22:01','2022-07-13 11:47:32'),(209,'App\\Models\\User',5,'usertoken','ce0da54745f10d1e205c84c7f0db7bc39c0fcf08357f44caa994502296e63fad','[\"*\"]','2022-07-18 13:48:40','2022-07-13 11:47:14','2022-07-18 13:48:40'),(210,'App\\Models\\User',4,'usertoken','aa2ca57aa4d0a86c1b65966e8941944e3127fae69375ec75da1018ca3e6c0640','[\"*\"]','2022-07-13 15:16:38','2022-07-13 11:47:58','2022-07-13 15:16:38'),(211,'App\\Models\\User',5,'usertoken','150478eead067b7ee6e5c391f79f50d4ae2733a273dad80764dc482d8a550ace','[\"*\"]','2022-07-13 16:10:35','2022-07-13 15:16:53','2022-07-13 16:10:35'),(212,'App\\Models\\User',4,'usertoken','2bef1e4c04e3f778f1b7a8c3a758459938733ec5052b0416fcbeca0971bebee9','[\"*\"]','2022-07-15 08:24:50','2022-07-13 16:24:53','2022-07-15 08:24:50'),(213,'App\\Models\\User',1,'usertoken','d09f13f5f70adb9877668322ead4e51b38a741cb7755b80931303b6c23526002','[\"*\"]','2022-07-15 08:47:30','2022-07-15 08:25:14','2022-07-15 08:47:30'),(214,'App\\Models\\User',2,'usertoken','b8f12a115b3bf74181105ca38dfe79383aaa264aa5d2b27358bb519a86aad6e0','[\"*\"]','2022-07-15 12:30:15','2022-07-15 08:47:58','2022-07-15 12:30:15'),(215,'App\\Models\\User',3,'usertoken','659f53ee4c89eca1fcf54fff23d105e4b7b354afe551c568a39f634a0de59793','[\"*\"]','2022-07-15 12:33:35','2022-07-15 12:30:41','2022-07-15 12:33:35'),(216,'App\\Models\\User',2,'usertoken','e5f0c104eb5d81b598160f13f15a3b998fe2fba25ce461b848faba7738c98916','[\"*\"]','2022-07-15 12:34:24','2022-07-15 12:34:23','2022-07-15 12:34:24'),(217,'App\\Models\\User',2,'usertoken','60c83adcc2cd878939fe150782cc75e9f8fdd8e20a202cdcf6f84e0f46458afa','[\"*\"]','2022-07-15 12:35:09','2022-07-15 12:35:08','2022-07-15 12:35:09'),(218,'App\\Models\\User',3,'usertoken','4aef99fd98fc71aec5c719fa041b8be4d3e961d0f1ebc64f50fb51cb864c7342','[\"*\"]','2022-07-15 12:36:15','2022-07-15 12:35:30','2022-07-15 12:36:15'),(219,'App\\Models\\User',1,'usertoken','9d60147806da97f150409536705410373e71c5a3085e029d78b360025d77a146','[\"*\"]','2022-07-15 12:36:38','2022-07-15 12:36:32','2022-07-15 12:36:38'),(220,'App\\Models\\User',4,'usertoken','1a782f9f6b485de244c3d83c5ec17ff8098e3d46fe00a7b031b8693bfceb9367','[\"*\"]','2022-07-15 12:50:24','2022-07-15 12:36:49','2022-07-15 12:50:24'),(221,'App\\Models\\User',1,'usertoken','de9cbb1d64fea4901939aea615d2b21e88bdad1d4a11cc30efe771d103305d75','[\"*\"]','2022-07-18 13:12:11','2022-07-15 12:51:00','2022-07-18 13:12:11'),(222,'App\\Models\\User',1,'usertoken','e1e22c25d41154f2e19d0f5a7ffc8244ce91d6f7cc81a9ff903c656be69c59b1','[\"*\"]','2022-07-18 13:56:46','2022-07-18 13:49:20','2022-07-18 13:56:46'),(223,'App\\Models\\User',3,'usertoken','3947b95db11db5835701e9d2be52e150cb1bb937b25b3a2e232e18a85aa44887','[\"*\"]','2022-07-18 13:58:00','2022-07-18 13:57:52','2022-07-18 13:58:00'),(224,'App\\Models\\User',1,'usertoken','f1c4eee01d953332d60ccf93a53aaa9e9ee738b95010c9116380c8166a96021b','[\"*\"]','2022-07-19 11:27:06','2022-07-19 05:17:12','2022-07-19 11:27:06'),(225,'App\\Models\\User',2,'usertoken','eb3905be76532600bd5d81b26e004dd7bf04a040d87d6d984e8717d4d8cb07d0','[\"*\"]','2022-07-19 11:34:28','2022-07-19 05:17:33','2022-07-19 11:34:28'),(226,'App\\Models\\User',3,'usertoken','06c14355fd89acad9109610e6bd4c44ea927e878abf1055195c9050ad76eea8c','[\"*\"]','2022-07-28 09:24:35','2022-07-19 07:56:17','2022-07-28 09:24:35'),(227,'App\\Models\\User',4,'usertoken','b43ad9f3ca77fb15492c5d172fe14fe69a40c2d688e416560c73681bf396f8b8','[\"*\"]','2022-07-19 11:38:18','2022-07-19 11:34:44','2022-07-19 11:38:18'),(228,'App\\Models\\User',5,'usertoken','5463dc54248dce72f07d77fb9b1e49e757318d6d9d1d19c5bede2c81e32af50b','[\"*\"]','2022-07-19 11:38:11','2022-07-19 11:35:02','2022-07-19 11:38:11'),(229,'App\\Models\\User',6,'usertoken','3b425e1980d25d71e0161e4cd8077058d53d032dbf6cff846f5617a800d0a0f5','[\"*\"]','2022-07-20 15:55:03','2022-07-19 12:33:37','2022-07-20 15:55:03'),(230,'App\\Models\\User',7,'usertoken','0cec917292ad42ca9d7f19ad898d62d0838cd76bbedac75744e57c67d6f37c17','[\"*\"]','2022-07-20 12:57:52','2022-07-19 12:34:16','2022-07-20 12:57:52'),(231,'App\\Models\\User',8,'usertoken','c8f8bba831ad6ac9f604d086249b4625785f4d65a5b833c879ad79c4b53ef921','[\"*\"]','2022-07-20 15:59:19','2022-07-20 12:15:05','2022-07-20 15:59:19'),(232,'App\\Models\\User',7,'usertoken','db85e82cf3ebc82d91781645e29304599195b18e2802377e35aea6e4324bcd82','[\"*\"]','2022-07-27 13:30:23','2022-07-20 13:00:30','2022-07-27 13:30:23'),(233,'App\\Models\\User',2,'usertoken','e8bfefa02261a72a908a6794ff3792221749e218c3b5aab952997d7dbe45700f','[\"*\"]','2022-07-20 15:55:19','2022-07-20 15:55:19','2022-07-20 15:55:19'),(234,'App\\Models\\User',6,'usertoken','6d6711cd439dfbf0ccf7e9575a429978d0f23f492f55e44f7dd41fbfc3e32fb9','[\"*\"]','2022-07-20 15:57:09','2022-07-20 15:55:34','2022-07-20 15:57:09'),(235,'App\\Models\\User',7,'usertoken','27b4e70b5ac828eae081a62169df7e278530a32965d49be48babd499b643789a','[\"*\"]','2022-07-21 12:14:32','2022-07-20 15:57:41','2022-07-21 12:14:32'),(236,'App\\Models\\User',6,'usertoken','9175a3b153ab200c2ad0457e1d8d529bf2945b86099ca00c1e40e4ee484068ff','[\"*\"]','2022-07-27 13:25:06','2022-07-20 15:59:55','2022-07-27 13:25:06'),(237,'App\\Models\\User',6,'usertoken','ce26dab85066a58a8acfe79aac2ddb19466e8168eb4cbde1c75b59427adf1a0b','[\"*\"]','2022-07-21 12:14:54','2022-07-21 12:14:50','2022-07-21 12:14:54'),(238,'App\\Models\\User',8,'usertoken','068ab8b5f751ad9a5a99ecc2f9d0479525d15c656306807f90561f35a4d4d8a3','[\"*\"]','2022-07-21 12:26:25','2022-07-21 12:15:05','2022-07-21 12:26:25'),(239,'App\\Models\\User',8,'usertoken','24317249d46acc135ecf42b59261bc23a085be88eb1f928e7196f6c2ce0732a6','[\"*\"]','2022-07-21 15:09:49','2022-07-21 12:27:56','2022-07-21 15:09:49'),(240,'App\\Models\\User',7,'usertoken','6953f7d1f3432f9b67c1556bcfaea6bc13503df993299166616f353f349d03f3','[\"*\"]','2022-07-22 07:51:01','2022-07-21 15:10:16','2022-07-22 07:51:01'),(241,'App\\Models\\User',6,'usertoken','9a96d80abb95ff4a334f56ca34a340a05269f86b0108771a7baa4d2f86e1e6e2','[\"*\"]','2022-07-22 09:52:47','2022-07-22 07:51:24','2022-07-22 09:52:47'),(242,'App\\Models\\User',6,'usertoken','a691bbb4f125a54a3fe220453fdbc9a062edf79ad4b0ecaad634ebcaef7b97c8','[\"*\"]','2022-07-22 09:51:14','2022-07-22 09:50:49','2022-07-22 09:51:14'),(243,'App\\Models\\User',7,'usertoken','fa4624a2b285c1fcba3ab79bda68e0264ceee554cf5397af13e67fe196b752b8','[\"*\"]','2022-07-22 09:51:34','2022-07-22 09:51:25','2022-07-22 09:51:34'),(244,'App\\Models\\User',8,'usertoken','c11c7d978bab6a364ac536eaabc328a9b43c2cce7c536f7c3e93e1f5e87d9be4','[\"*\"]','2022-07-22 09:52:20','2022-07-22 09:51:46','2022-07-22 09:52:20'),(245,'App\\Models\\User',8,'usertoken','e3ad9a48f4d73a71a706a5383195bd81974ce18d1206b90e8b532521c1b91a73','[\"*\"]','2022-07-24 19:11:12','2022-07-22 09:52:32','2022-07-24 19:11:12'),(246,'App\\Models\\User',7,'usertoken','8a6b67190d2cbe24a2bc5f158ae43bfb7e23604e1449bcd67e78d0d088bf285f','[\"*\"]','2022-07-24 19:09:08','2022-07-22 09:53:10','2022-07-24 19:09:08'),(247,'App\\Models\\User',2,'usertoken','4c2d7a3ef5cf86b417f03389f7e4513a462898a1d7b4c87a97a329e3d02be185','[\"*\"]','2022-07-22 12:39:11','2022-07-22 12:38:03','2022-07-22 12:39:11'),(248,'App\\Models\\User',6,'usertoken','34a6869b0e6e24dc29581720060f5914dd570c83df5586111d4e9cb46b314fea','[\"*\"]','2022-07-26 13:08:32','2022-07-25 07:20:26','2022-07-26 13:08:32'),(249,'App\\Models\\User',1,'test@ex.com','2f537c2018427c50ed17b61e7bd3918530ba5262450f63a3c22de2f2fc61d3b1','[\"*\"]',NULL,'2022-07-26 09:21:30','2022-07-26 09:21:30'),(250,'App\\Models\\User',1,'test@ex.com','ddf72365b81b527de1c0e40ffd8268fb1ac5507df28eb5377645d6959cbd4c74','[\"*\"]','2022-08-11 10:05:51','2022-07-26 09:22:06','2022-08-11 10:05:51'),(251,'App\\Models\\User',2,'test2@ex.com','f0fa443039447f51ae32e89eb17dde0a34860d1f27c47f39a1a88b02057d5622','[\"*\"]','2022-07-26 12:07:48','2022-07-26 09:44:28','2022-07-26 12:07:48'),(252,'App\\Models\\User',8,'test12@ex.com','a6d0884ce6169330df9ddf59332156e58070e3ba6a17174d1dc95eaec28bcde3','[\"*\"]','2022-07-27 09:04:35','2022-07-26 13:08:44','2022-07-27 09:04:35'),(253,'App\\Models\\User',6,'test10@ex.com','1b8ddbc18744cb6303e6e9d93ec7a18a3a3a3bc2e3b27700a78b6dff2068b372','[\"*\"]','2022-07-27 09:09:11','2022-07-27 09:08:20','2022-07-27 09:09:11'),(254,'App\\Models\\User',6,'test10@ex.com','1e3be9d69feecdfcb019c9539d2f8fdace3d8dd64a8898378956ac518418faf8','[\"*\"]','2022-07-27 09:17:30','2022-07-27 09:16:40','2022-07-27 09:17:30'),(255,'App\\Models\\User',8,'test12@ex.com','5ea96e16bcc06e80737483af41e2f6c6ec3140eb68b18c149d41224f4ac6ad7e','[\"*\"]','2022-07-27 09:35:24','2022-07-27 09:18:08','2022-07-27 09:35:24'),(256,'App\\Models\\User',8,'test12@ex.com','02b16f066a169c485ec95d9d6abce3eb334cbdf7a1740eb46168bf79faf7b963','[\"*\"]','2022-07-27 11:36:50','2022-07-27 09:35:39','2022-07-27 11:36:50'),(257,'App\\Models\\User',8,'test12@ex.com','cada85254a7c6283f6e13642897f9c3fbf67ed6b9141d6cb5cc7dc8439ba7625','[\"*\"]','2022-07-27 11:46:07','2022-07-27 11:37:02','2022-07-27 11:46:07'),(258,'App\\Models\\User',8,'test12@ex.com','d10aed75a862e7a5749191b4aecc86c988c62d21aa76e220b9e345567447d13e','[\"*\"]','2022-07-27 11:49:23','2022-07-27 11:46:39','2022-07-27 11:49:23'),(259,'App\\Models\\User',8,'test12@ex.com','c0077f771f12693ab2dc471627df94d652312ac0cd24665feff477a1aad4dd84','[\"*\"]','2022-07-27 11:58:59','2022-07-27 11:49:35','2022-07-27 11:58:59'),(260,'App\\Models\\User',8,'test12@ex.com','091bebd3c2dc5c3adf0e6451fdc286d297a96f4980378be5094786e6fce0a1dd','[\"*\"]','2022-07-28 12:55:29','2022-07-27 11:59:12','2022-07-28 12:55:29'),(261,'App\\Models\\User',6,'test10@ex.com','589bce2a18a76702baf67086cd9a244ccd46b8534dd7838528545ec97d58beba','[\"*\"]','2022-08-03 14:24:09','2022-07-27 13:26:34','2022-08-03 14:24:09'),(262,'App\\Models\\User',7,'test11@ex.com','e713f8c2e92e92467fd93f5fb45bb019e34f1aed188b69e7e1b366442ec96f5c','[\"*\"]','2022-07-28 12:57:53','2022-07-27 13:32:52','2022-07-28 12:57:53'),(263,'App\\Models\\User',6,'test10@ex.com','ddbf66ffe5d7d86fb55deee0e0fc9d171753f2a694b79745f6bec92203849f88','[\"*\"]','2022-07-29 12:02:58','2022-07-28 12:57:40','2022-07-29 12:02:58'),(264,'App\\Models\\User',8,'test12@ex.com','f456e9ce18880c21e539eca8496a24d0d1d8183d8bb7058a67baca93e35725ed','[\"*\"]','2022-08-01 13:09:41','2022-07-28 12:58:15','2022-08-01 13:09:41'),(265,'App\\Models\\User',1,'test@ex.com','bde22230b2787b35172d3b97620f2b894262f94e026d910d8996585273bd757f','[\"*\"]',NULL,'2022-07-29 07:49:03','2022-07-29 07:49:03'),(266,'App\\Models\\User',1,'test@ex.com','df742d519bf3e3dbf230cf3c85fd64f0b065cef7b08e02efae6df39e2c14d404','[\"*\"]',NULL,'2022-07-29 08:48:59','2022-07-29 08:48:59'),(267,'App\\Models\\User',6,'test10@ex.com','3dcf607a78d52c7a94aad5f08310d3aef2e41db47ba5fef4e6de5d80bb8214ff','[\"*\"]','2022-07-29 12:15:06','2022-07-29 12:03:12','2022-07-29 12:15:06'),(268,'App\\Models\\User',6,'test10@ex.com','7f857792b4ffc87c4e373357cf13ecda1c4c08cdb125bb1d8975d202636b0d0e','[\"*\"]','2022-08-02 13:22:57','2022-07-29 12:15:20','2022-08-02 13:22:57'),(269,'App\\Models\\User',8,'test12@ex.com','5ef4e164bad0ac124812971449fe60e9f7831db06ff10d6535d400c6bd7e3caa','[\"*\"]','2022-08-01 13:15:04','2022-08-01 13:10:12','2022-08-01 13:15:04'),(270,'App\\Models\\User',8,'test12@ex.com','ab81bdb79e2462b8a820df1a65f175aecc4985a57b36fe7e6d1723e23e0db714','[\"*\"]','2022-08-04 10:41:03','2022-08-02 08:27:25','2022-08-04 10:41:03'),(271,'App\\Models\\User',7,'test11@ex.com','de6f0a115d76114ba9f4fceade620147d031f46acea2cd263c600e6c629ec388','[\"*\"]','2022-08-02 13:23:03','2022-08-02 12:56:01','2022-08-02 13:23:03'),(272,'App\\Models\\User',7,'test11@ex.com','b131e5819bca6958acf8158578f56fb0000b089191844bc604fc7348609cafcb','[\"*\"]','2022-08-03 09:40:07','2022-08-02 13:23:25','2022-08-03 09:40:07'),(273,'App\\Models\\User',6,'test10@ex.com','9261ed051f538fbd0fdcd5933ec0e25abe36cbeda80310259470856c4cdce322','[\"*\"]','2022-08-03 07:47:24','2022-08-03 07:13:34','2022-08-03 07:47:24'),(274,'App\\Models\\User',7,'test11@ex.com','bacd6979dcca5aa858932350a3735e1d4c89e0c39604f663cc4b9f8fd129b100','[\"*\"]','2022-08-03 13:16:12','2022-08-03 09:40:22','2022-08-03 13:16:12'),(275,'App\\Models\\User',7,'test11@ex.com','8f939477fd4f0e4207968ce2d83c586263ea1938e36b5930749f0cccc5299d2b','[\"*\"]','2022-08-03 13:17:35','2022-08-03 13:16:34','2022-08-03 13:17:35'),(276,'App\\Models\\User',7,'test11@ex.com','b78103433df03a3d5219c2c3fdc89cf318c4d0fd3aa30b51b00e40debbcba63d','[\"*\"]','2022-08-04 10:07:05','2022-08-03 13:17:49','2022-08-04 10:07:05'),(277,'App\\Models\\User',6,'test10@ex.com','50d226fbb6054565842a6d8d2e1a1c1202d40dfba662072fac665ed46a353a71','[\"*\"]','2022-08-04 10:17:02','2022-08-04 10:16:29','2022-08-04 10:17:02'),(278,'App\\Models\\User',6,'test10@ex.com','a4338dd4cb1592d974572f97d19a52a3c96ea5b1bd3fc4bb75aa76927c3be148','[\"*\"]','2022-08-04 10:34:12','2022-08-04 10:17:22','2022-08-04 10:34:12'),(279,'App\\Models\\User',7,'test11@ex.com','874d11a75cc0bd3348aab3457ec4690f149690553b01755e43ca5e6907dc75f6','[\"*\"]','2022-08-04 11:01:55','2022-08-04 10:19:18','2022-08-04 11:01:55'),(280,'App\\Models\\User',9,'test13@ex.com','08c7ce9b0dba8f50e262301b93ba1ce03af4614fb47f90ba249a5be494008e3b','[\"*\"]','2022-08-04 11:15:47','2022-08-04 10:41:19','2022-08-04 11:15:47'),(281,'App\\Models\\User',7,'test11@ex.com','4c6d0f385b797cea88a34e7beb59f97091f66b16ea0c3af6f006b6dd29944e1e','[\"*\"]','2022-08-04 11:15:37','2022-08-04 11:15:37','2022-08-04 11:15:37'),(282,'App\\Models\\User',7,'test11@ex.com','2565a7deea4070a3134212f5f5542c43d2486a76daf5e1af66747c647fe8819a','[\"*\"]','2022-08-04 11:17:29','2022-08-04 11:17:00','2022-08-04 11:17:29'),(283,'App\\Models\\User',9,'test13@ex.com','3332b18c0d3ee35d8cc8bfa23d4745feb1e48e17a301ec0cbd78eae6b0248737','[\"*\"]','2022-08-04 11:17:42','2022-08-04 11:17:15','2022-08-04 11:17:42'),(284,'App\\Models\\User',7,'test11@ex.com','b51fdb102008140be64beac3a391aa4d79b369fcfd504fbdd38c680529a3867a','[\"*\"]','2022-08-04 11:18:13','2022-08-04 11:18:13','2022-08-04 11:18:13'),(285,'App\\Models\\User',7,'test11@ex.com','2770058ce273d587185ec94db7cb7b6d34022612eb610f5da9a6e4af0c43addb','[\"*\"]','2022-08-04 11:20:59','2022-08-04 11:20:10','2022-08-04 11:20:59'),(286,'App\\Models\\User',9,'test13@ex.com','0ef89234f77f7bb93b8190c00a4793e68bc13160a1f18d76346d017276cea0cc','[\"*\"]','2022-08-04 11:21:06','2022-08-04 11:20:32','2022-08-04 11:21:06'),(287,'App\\Models\\User',7,'test11@ex.com','90ccf9d43f9a8245a1af7809938390c17901c7326eb5619f4d60277f27254fa0','[\"*\"]','2022-08-04 11:27:14','2022-08-04 11:25:24','2022-08-04 11:27:14'),(288,'App\\Models\\User',7,'test11@ex.com','cc14ba9615613389e7a024875dae7429f34e9d316753d9893d05d315c4883b94','[\"*\"]','2022-08-04 11:31:14','2022-08-04 11:27:24','2022-08-04 11:31:14'),(289,'App\\Models\\User',9,'test13@ex.com','c335e8d26280c97ff581aa3bc027d52bc3ab2ce55de00520bc571abcaf55f187','[\"*\"]','2022-08-04 11:36:26','2022-08-04 11:27:39','2022-08-04 11:36:26'),(290,'App\\Models\\User',7,'test11@ex.com','020a199df6073f709434efb9ebbfd996ff1e65ae05e71315462bfd279c1bc55f','[\"*\"]','2022-08-04 11:33:55','2022-08-04 11:32:17','2022-08-04 11:33:55'),(291,'App\\Models\\User',7,'test11@ex.com','c637644c93e6e129d1c46a60bebf89824a62201db129805c403447c0a4476f64','[\"*\"]','2022-08-04 11:36:05','2022-08-04 11:34:15','2022-08-04 11:36:05'),(292,'App\\Models\\User',9,'test13@ex.com','1022e43d4e379dacd825bd7d683dffab985c5f80acab24511763130561a39c29','[\"*\"]','2022-08-05 11:43:01','2022-08-04 11:36:41','2022-08-05 11:43:01'),(293,'App\\Models\\User',7,'test11@ex.com','e4f554b1471ee9800cb24c6fa257572903cd60e7432e924131c19f4c41a78cea','[\"*\"]','2022-08-04 11:37:14','2022-08-04 11:36:58','2022-08-04 11:37:14'),(294,'App\\Models\\User',8,'test12@ex.com','833fa792bae058fac106c7af61365ed30f5ad343cf27e77674567c7c9bf98a90','[\"*\"]','2022-08-04 14:36:10','2022-08-04 11:37:47','2022-08-04 14:36:10'),(295,'App\\Models\\User',7,'test11@ex.com','bfd18c3de0c00351009037a982b865a22a73bcc86240145c13fa6e079b098791','[\"*\"]','2022-08-05 11:52:02','2022-08-04 14:36:22','2022-08-05 11:52:02'),(296,'App\\Models\\User',3,'test3@ex.com','023c7931613f4882e4731e4727f23523a2537341fa93ba9e8629b4f2647a11d3','[\"*\"]','2022-08-05 14:44:13','2022-08-05 11:32:46','2022-08-05 14:44:13'),(297,'App\\Models\\User',1,'test@ex.com','4e29afd29f699df9d672916f241cf7c440093ab0d4a6406dbdc3a4661e970e2b','[\"*\"]','2022-08-05 14:44:34','2022-08-05 11:36:21','2022-08-05 14:44:34'),(298,'App\\Models\\User',7,'test11@ex.com','f8bf81501199e81173e178c94c180e4cc62bc3552bb8d3bf357d1119dc846168','[\"*\"]','2022-08-08 08:34:55','2022-08-05 11:52:22','2022-08-08 08:34:55'),(299,'App\\Models\\User',9,'test13@ex.com','bffb7264a2bcb2355dc30713fe441ae676cba04992919a33ef06b4bcfb310979','[\"*\"]','2022-08-08 09:41:48','2022-08-05 11:52:52','2022-08-08 09:41:48'),(300,'App\\Models\\User',3,'test3@ex.com','72adf2faf3a7410e50a1aabad00456e15f93b2cfedc92b07129c15d57e5c8d82','[\"*\"]','2022-08-05 14:46:01','2022-08-05 14:44:28','2022-08-05 14:46:01'),(301,'App\\Models\\User',1,'test@ex.com','4ba0b8d7c6f8458551ce95833f29fdeca9e9fe24ffb1b8e35b4bc375464b684b','[\"*\"]','2022-08-05 14:47:19','2022-08-05 14:44:58','2022-08-05 14:47:19'),(302,'App\\Models\\User',1,'test@ex.com','5d524d46e08a55b07d8c66e703d1512a8c54d51e26305818b7745aa497ff9dd4','[\"*\"]','2022-08-06 08:40:28','2022-08-05 14:47:34','2022-08-06 08:40:28'),(303,'App\\Models\\User',7,'test11@ex.com','5c97111ed3e26f9d5eaeb97c9682bf549730e70df9749c32a4e65e7d488d7418','[\"*\"]','2022-08-08 08:36:13','2022-08-08 08:36:10','2022-08-08 08:36:13'),(304,'App\\Models\\User',7,'test11@ex.com','1bf43d1375b75d65648fd47aa69b62bdd2d9c3306a7dda29725c722c4fbfe05b','[\"*\"]','2022-08-08 09:23:06','2022-08-08 09:11:50','2022-08-08 09:23:06'),(305,'App\\Models\\User',7,'test11@ex.com','1662b8b6e9c0b2cc0ff559a3e13fd2c27225d6ccb1182a87368872c099174ff6','[\"*\"]','2022-08-08 09:41:26','2022-08-08 09:24:13','2022-08-08 09:41:26'),(306,'App\\Models\\User',7,'test11@ex.com','dd06531b7420fb3f7e86a20d2ff7556a4bc3585fcb8f631c4ebced5fcefd6bb6','[\"*\"]','2022-08-08 09:59:10','2022-08-08 09:41:42','2022-08-08 09:59:10'),(307,'App\\Models\\User',9,'test13@ex.com','6bf37a637b91d5975e6311b0cab106e742056de885fbf62f2e2c0ed881a08513','[\"*\"]','2022-08-08 09:59:02','2022-08-08 09:42:00','2022-08-08 09:59:02'),(308,'App\\Models\\User',7,'test11@ex.com','c5fc6db9c8abbfdfb5322cf03f55fce5ba0886ba20de04667cb80897ced620c7','[\"*\"]','2022-08-08 11:14:09','2022-08-08 09:59:24','2022-08-08 11:14:09'),(309,'App\\Models\\User',9,'test13@ex.com','d33cd17102d745d0cee2a7e30dcc31b1c4aefd05588ec12d5590eceb13e06dde','[\"*\"]','2022-08-08 10:00:08','2022-08-08 09:59:38','2022-08-08 10:00:08'),(310,'App\\Models\\User',9,'test13@ex.com','55b6fc6fc0127546aa5024dd56cea94c272660db0d5b760e163a5cc1ce025be9','[\"*\"]','2022-08-09 07:10:28','2022-08-08 10:00:30','2022-08-09 07:10:28'),(311,'App\\Models\\User',7,'test11@ex.com','f71d8193195d39935be8a458592e1161aa008ff2c666bf718da3dc4c132fa162','[\"*\"]','2022-08-08 11:14:30','2022-08-08 11:14:24','2022-08-08 11:14:30'),(312,'App\\Models\\User',7,'test11@ex.com','068f10de45a5cf2704318449945ee21f897dea1fc4fc35b16eff49cbdb6806fb','[\"*\"]','2022-08-08 11:16:57','2022-08-08 11:14:50','2022-08-08 11:16:57'),(313,'App\\Models\\User',7,'test11@ex.com','2bf336f413a9829c0007df65ce66e3feea6d47d38af9f0cf9b1f5b9b0e719376','[\"*\"]','2022-08-08 11:23:01','2022-08-08 11:22:59','2022-08-08 11:23:01'),(314,'App\\Models\\User',7,'test11@ex.com','7f1b44d4e70226d4b0ee56d22f12341d2b3b01207d79b5d759c43d00d7a0a076','[\"*\"]','2022-08-08 13:44:50','2022-08-08 11:25:04','2022-08-08 13:44:50'),(315,'App\\Models\\User',7,'test11@ex.com','5888f3ff797c74d8d5ec4c3bb21e93c82f0ebd4c237617d0cfcd54c7705a0a6e','[\"*\"]','2022-08-08 13:46:39','2022-08-08 13:46:35','2022-08-08 13:46:39'),(316,'App\\Models\\User',7,'test11@ex.com','43a4a290f5be99dc2b53a651093f79da565a222c57ccb11b86e503dfac3f0a3d','[\"*\"]','2022-08-08 15:33:32','2022-08-08 13:50:34','2022-08-08 15:33:32'),(317,'App\\Models\\User',7,'test11@ex.com','b4534b6d0c3b9949451054fb66b7b21f9087d524cacd68a754014c77de1d13c9','[\"*\"]','2022-08-08 16:46:40','2022-08-08 16:35:17','2022-08-08 16:46:40'),(318,'App\\Models\\User',7,'test11@ex.com','93b21e95f302cc393d4c7145bbe9a660aeae889901d635ecae43caf90679e576','[\"*\"]','2022-08-08 16:59:10','2022-08-08 16:46:52','2022-08-08 16:59:10'),(319,'App\\Models\\User',7,'test11@ex.com','6b01b682c89dc51218d986bbbcc669e0bce49381f92bff3038a901800ff8f6a2','[\"*\"]','2022-08-08 19:33:37','2022-08-08 17:00:56','2022-08-08 19:33:37'),(320,'App\\Models\\User',7,'test11@ex.com','a44a015ecfe1a2a73e3803754423336c17d980b4319692a03697e7696904f473','[\"*\"]','2022-08-08 19:53:49','2022-08-08 19:37:39','2022-08-08 19:53:49'),(321,'App\\Models\\User',7,'test11@ex.com','d6347839cfddce74a508d51b39459e8d4a2f88516a36c3a4127475276d90ca5b','[\"*\"]','2022-08-08 19:55:49','2022-08-08 19:55:15','2022-08-08 19:55:49'),(322,'App\\Models\\User',7,'test11@ex.com','ae67e27014b6f4571093c34549a618599c1d9b503c2704a4da251b44a9237cc0','[\"*\"]','2022-08-08 21:01:04','2022-08-08 19:57:33','2022-08-08 21:01:04'),(323,'App\\Models\\User',7,'test11@ex.com','8b0ffa028078db7710bcef9ec7ffaf6ddb214b58bec620161b83fd82df515a34','[\"*\"]','2022-08-09 06:56:10','2022-08-09 05:08:01','2022-08-09 06:56:10'),(324,'App\\Models\\User',8,'test12@ex.com','c1c98d2b1108de128fa40ed225572c384ce7cc0c572d9fe3fa0e492ace9a3150','[\"*\"]','2022-08-09 07:15:38','2022-08-09 05:26:54','2022-08-09 07:15:38'),(325,'App\\Models\\User',7,'test11@ex.com','7eff0f628e6b0b043719d1caef91748881bab9bc26de7d9fd3232f54495cdaeb','[\"*\"]','2022-08-09 09:23:27','2022-08-09 06:56:26','2022-08-09 09:23:27'),(326,'App\\Models\\User',9,'test13@ex.com','0add8639b1c8fc0922318a95fe9c5d9ba788e313e43dcacf24360ccf44ea49b7','[\"*\"]','2022-08-09 07:13:13','2022-08-09 07:13:03','2022-08-09 07:13:13'),(327,'App\\Models\\User',9,'test13@ex.com','af37a59d59379e6d603d90e7f6632afcf496f6e440617babf04332482dca9a85','[\"*\"]','2022-08-09 11:30:21','2022-08-09 07:18:56','2022-08-09 11:30:21'),(328,'App\\Models\\User',8,'test12@ex.com','313d376ae791ae81f7afb51babb7043a9d908f9f8bf007a7e2eaa1964645a0ad','[\"*\"]','2022-08-09 17:44:20','2022-08-09 07:21:34','2022-08-09 17:44:20'),(329,'App\\Models\\User',7,'test11@ex.com','56935202035c54401f6646dc3929f9e9abf9ce8640c79fc22b8b1f04ae5b7a81','[\"*\"]','2022-08-09 10:12:48','2022-08-09 09:30:35','2022-08-09 10:12:48'),(330,'App\\Models\\User',7,'test11@ex.com','695f8cafa3068d4871e045fb3df67af189752fcff45930c49771761e5125777e','[\"*\"]','2022-08-09 10:48:21','2022-08-09 10:13:10','2022-08-09 10:48:21'),(331,'App\\Models\\User',7,'test11@ex.com','b9246971e435136f4a48d6e9ce8e107e9a5e6a0971ac0fce3f6c815add2953a9','[\"*\"]','2022-08-09 11:01:01','2022-08-09 11:00:18','2022-08-09 11:01:01'),(332,'App\\Models\\User',7,'test11@ex.com','9bc15ff0450255901759c01c45b3b59118588fe5cb9021a9fa1f2af145311f8a','[\"*\"]','2022-08-09 12:25:14','2022-08-09 11:01:33','2022-08-09 12:25:14'),(333,'App\\Models\\User',9,'test13@ex.com','5fe963976bd4b75b48c6c71048354827dd84842598683694adf3f0133709c187','[\"*\"]','2022-08-09 12:26:16','2022-08-09 11:30:41','2022-08-09 12:26:16'),(334,'App\\Models\\User',6,'test10@ex.com','8a683ba4d2d23ac1fa4ca06feb33769846cf18741b8567d2695b201df8a15379','[\"*\"]','2022-08-09 12:25:33','2022-08-09 12:07:49','2022-08-09 12:25:33'),(335,'App\\Models\\User',7,'test11@ex.com','4a3c6d68a306343e3fc1110a06ac564faaa8ea482fd97c537c9caef93202145c','[\"*\"]','2022-08-09 13:03:05','2022-08-09 12:25:26','2022-08-09 13:03:05'),(336,'App\\Models\\User',6,'test10@ex.com','eb08f631748baf62543afb293b102f413379b50c34a1f9cfc697cd58011c7d2c','[\"*\"]','2022-08-11 09:40:51','2022-08-09 12:25:56','2022-08-11 09:40:51'),(337,'App\\Models\\User',9,'test13@ex.com','822ac1bcb5470839c3ba714dc27e4360589169d4f50ff1df273c26ab5f0853cf','[\"*\"]','2022-08-09 13:20:49','2022-08-09 12:26:30','2022-08-09 13:20:49'),(338,'App\\Models\\User',7,'test11@ex.com','671b006de8d4f90e949c5e258468b8a4e6bae0973acba1425f7f562e60f92e86','[\"*\"]','2022-08-09 16:13:42','2022-08-09 13:03:14','2022-08-09 16:13:42'),(339,'App\\Models\\User',9,'test13@ex.com','5e52ca45bd0dee2b82deef750e664af03fb0af679aa5b0137ea3875093715639','[\"*\"]','2022-08-09 16:11:14','2022-08-09 13:21:10','2022-08-09 16:11:14'),(340,'App\\Models\\User',9,'test13@ex.com','d1c03564c51d40f672cde10e0ebf9a8ac9dea7586e9ba20057a3c538ca8243e5','[\"*\"]','2022-08-09 17:31:30','2022-08-09 16:14:38','2022-08-09 17:31:30'),(341,'App\\Models\\User',7,'test11@ex.com','388d21b2bac1af772dc966dc5491c99441fbf097964b1e085a4702a8480445df','[\"*\"]','2022-08-09 17:31:13','2022-08-09 16:32:33','2022-08-09 17:31:13'),(342,'App\\Models\\User',9,'test13@ex.com','5ba803c82ba31f6b6a8066ec23c6cbf3961ae9d055a4e93f5b23b7987b83ed09','[\"*\"]','2022-08-10 05:22:29','2022-08-09 17:32:03','2022-08-10 05:22:29'),(343,'App\\Models\\User',7,'test11@ex.com','d4ab642933b5364e81e9b0088d310f6c727b497cd60f031749b2224ef262d6cb','[\"*\"]','2022-08-10 05:26:33','2022-08-09 17:43:22','2022-08-10 05:26:33'),(344,'App\\Models\\User',8,'test12@ex.com','83e6e15041f54629dd51357fbc48056e18039fe5191a8985669ac93d8605f1f3','[\"*\"]','2022-08-10 05:23:23','2022-08-09 17:46:51','2022-08-10 05:23:23'),(345,'App\\Models\\User',7,'test11@ex.com','689622fe3bc448433e2ce013736f23eb73a922b67ef44d8ac0cd2b3b9e61f477','[\"*\"]','2022-08-10 09:35:36','2022-08-10 06:45:32','2022-08-10 09:35:36'),(346,'App\\Models\\User',9,'test13@ex.com','e275db17ced7b2cf89aa52e2ae11fe6b20f438c2c6c5349dc6621418aed58d9b','[\"*\"]','2022-08-10 10:20:31','2022-08-10 07:49:09','2022-08-10 10:20:31'),(347,'App\\Models\\User',7,'test11@ex.com','ae360cc04f3438c2cb4a05d6bebc6e5cb5fb9d5be66c3fc90b2f281ae2b09bc1','[\"*\"]','2022-08-10 12:11:10','2022-08-10 09:36:20','2022-08-10 12:11:10'),(348,'App\\Models\\User',9,'test13@ex.com','8a7bce578cdc893106dec393fc715869b8952a5b11cc1b1056414dd30b4a4bd2','[\"*\"]','2022-08-11 11:43:25','2022-08-10 10:21:03','2022-08-11 11:43:25'),(349,'App\\Models\\User',7,'test11@ex.com','fd00765844ef068f1395f8150a69abfd798be9f3db9912aa1beacaef37c3bd54','[\"*\"]','2022-08-11 16:22:10','2022-08-10 12:11:35','2022-08-11 16:22:10'),(350,'App\\Models\\User',6,'test10@ex.com','6b798ff466a33456ebae1cb881db05a1ea3571aac0cb4a578693401e1f27a6c8','[\"*\"]','2022-08-11 11:43:52','2022-08-11 09:41:07','2022-08-11 11:43:52'),(351,'App\\Models\\User',7,'test11@ex.com','9bba6f60f7e1134d62de623b4e5832606593dd35d399e33b6ef20fe64756caf3','[\"*\"]','2022-08-12 07:26:16','2022-08-11 16:24:52','2022-08-12 07:26:16'),(352,'App\\Models\\User',9,'test13@ex.com','22e0c794b3e9f4a2091075842d3766cd051e2b8bffa3c016d8481974c56297d6','[\"*\"]','2022-08-11 16:37:05','2022-08-11 16:26:16','2022-08-11 16:37:05'),(353,'App\\Models\\User',9,'test13@ex.com','59664b3c1864c7ddf6e8a372e29dbbbe109d345f4a5e638355c1dd8c242da661','[\"*\"]','2022-08-11 16:42:42','2022-08-11 16:37:59','2022-08-11 16:42:42'),(354,'App\\Models\\User',9,'test13@ex.com','729958cda4b3774b280e73e0ce725a2de5b29f2793feeefb3e557f2dc595c993','[\"*\"]','2022-08-12 07:27:44','2022-08-11 16:43:21','2022-08-12 07:27:44');
/*!40000 ALTER TABLE `personal_access_tokens` ENABLE KEYS */;
UNLOCK TABLES;

--
-- Table structure for table `users`
--

DROP TABLE IF EXISTS `users`;
/*!40101 SET @saved_cs_client     = @@character_set_client */;
/*!40101 SET character_set_client = utf8 */;
CREATE TABLE `users` (
  `id` int(10) unsigned NOT NULL AUTO_INCREMENT,
  `socket_id` int(11) DEFAULT NULL,
  `call_address` varchar(45) COLLATE utf8mb4_unicode_ci DEFAULT NULL,
  `username` varchar(150) COLLATE utf8mb4_unicode_ci NOT NULL,
  `email` varchar(255) COLLATE utf8mb4_unicode_ci DEFAULT NULL,
  `password` varchar(255) COLLATE utf8mb4_unicode_ci NOT NULL,
  `number` int(11) DEFAULT NULL,
  `avatar` varchar(255) COLLATE utf8mb4_unicode_ci DEFAULT NULL,
  `folder` varchar(50) COLLATE utf8mb4_unicode_ci DEFAULT NULL,
  `active` tinyint(4) NOT NULL,
  `last_login` timestamp NOT NULL DEFAULT CURRENT_TIMESTAMP ON UPDATE CURRENT_TIMESTAMP,
  `created_at` timestamp NULL DEFAULT NULL,
  `updated_at` timestamp NULL DEFAULT NULL,
  PRIMARY KEY (`id`),
  UNIQUE KEY `users_email_unique` (`email`),
  UNIQUE KEY `users_number_unique` (`number`)
) ENGINE=InnoDB AUTO_INCREMENT=13 DEFAULT CHARSET=utf8mb4 COLLATE=utf8mb4_unicode_ci;
/*!40101 SET character_set_client = @saved_cs_client */;

--
-- Dumping data for table `users`
--

LOCK TABLES `users` WRITE;
/*!40000 ALTER TABLE `users` DISABLE KEYS */;
INSERT INTO `users` VALUES (1,1204,NULL,'Med','test@ex.com','$2y$10$HSFqkvDAOmWkTu3zsuNdqOuM9uFdnTrwp0oLfT2n6PbNj7sUh7scW',NULL,NULL,'user-1',1,'2022-08-06 16:06:15','2022-05-12 10:27:26','2022-08-06 16:06:15'),(2,3070,NULL,'Sham','test2@ex.com','$2y$10$tF/GHxmQgyBJhN5ipvyjTuhOWv.NtCPFYDV/W35FdaN/uwLjY4Iji',NULL,NULL,'user-2',1,'2022-07-20 15:55:19','2022-05-12 10:27:46','2022-07-20 15:55:19'),(3,630,NULL,'Br','test3@ex.com','$2y$10$Rv5MYm8TitAP15nkAyxw.eEJL0tYvVVMW2J8.XXpBpAIYWktLClYq',NULL,NULL,'user-3',1,'2022-08-05 16:18:33','2022-05-16 12:35:08','2022-08-05 16:18:33'),(4,2336,NULL,'Og','test4@ex.com','$2y$10$Df5/p4tKmRfrea6oxu7oOe.h9s3Y7hZqxbmnmaZqwgmEbOXLw77vW',NULL,NULL,'user-4',1,'2022-07-19 11:34:44','2022-05-16 12:46:19','2022-07-19 11:34:44'),(5,2845,NULL,'Rad','test5@ex.com','$2y$10$VimP6PO6dsATgAYgdJ/MrO0mQm1OqL8PM.OXnow6XaikrtbuQHEVy',NULL,NULL,'user-5',1,'2022-07-20 12:14:42','2022-05-16 12:46:33','2022-07-20 12:14:42'),(6,915,NULL,'Andrey','test10@ex.com','$2y$10$ySutCDW7DRY2B7vNmyoQvOGbQHfrbW2OpCN0LJib8SYLAzMBtTW.6',NULL,NULL,'user-6',1,'2022-08-11 11:43:50','2022-07-19 12:32:13','2022-08-11 11:43:50'),(7,630,NULL,'Danil','test11@ex.com','$2y$10$xfgCckZCFaPbs/Fu73Hj8eCiJYymKYoShvywnJp8FvlnjwQJbVSIy',NULL,NULL,'user-7',1,'2022-08-12 07:26:14','2022-07-19 12:32:28','2022-08-12 07:26:14'),(8,4136,NULL,'Ivan','test12@ex.com','$2y$10$0RvZsT2a89QVxjMBjKu.ne1/rHzF7qWqCJtxT1qkstulZi7jLwhQ6',NULL,NULL,'user-8',1,'2022-08-10 05:23:22','2022-07-19 12:32:43','2022-08-10 05:23:22'),(9,720,NULL,'Алена Андреевна','test13@ex.com','$2y$10$.OZLW5KlE4zB44DDnQOPvuG8jE3lPxgwFoSwyGs6wflzmknwKuzIm',NULL,NULL,'user-9',1,'2022-08-12 07:27:43','2022-07-19 12:33:03','2022-08-12 07:27:43');
/*!40000 ALTER TABLE `users` ENABLE KEYS */;
UNLOCK TABLES;

--
-- Table structure for table `users_friends`
--

DROP TABLE IF EXISTS `users_friends`;
/*!40101 SET @saved_cs_client     = @@character_set_client */;
/*!40101 SET character_set_client = utf8 */;
CREATE TABLE `users_friends` (
  `id` int(10) unsigned NOT NULL AUTO_INCREMENT,
  `user_id` int(10) unsigned NOT NULL,
  `friend_id` int(10) unsigned NOT NULL,
  `created_at` timestamp NULL DEFAULT NULL,
  `updated_at` timestamp NULL DEFAULT NULL,
  PRIMARY KEY (`id`),
  KEY `users_friends_user_id_foreign` (`user_id`),
  KEY `users_friends_friend_id_foreign` (`friend_id`),
  CONSTRAINT `users_friends_friend_id_foreign` FOREIGN KEY (`friend_id`) REFERENCES `users` (`id`),
  CONSTRAINT `users_friends_user_id_foreign` FOREIGN KEY (`user_id`) REFERENCES `users` (`id`)
) ENGINE=InnoDB DEFAULT CHARSET=utf8mb4 COLLATE=utf8mb4_unicode_ci;
/*!40101 SET character_set_client = @saved_cs_client */;

--
-- Dumping data for table `users_friends`
--

LOCK TABLES `users_friends` WRITE;
/*!40000 ALTER TABLE `users_friends` DISABLE KEYS */;
/*!40000 ALTER TABLE `users_friends` ENABLE KEYS */;
UNLOCK TABLES;
/*!40103 SET TIME_ZONE=@OLD_TIME_ZONE */;

/*!40101 SET SQL_MODE=@OLD_SQL_MODE */;
/*!40014 SET FOREIGN_KEY_CHECKS=@OLD_FOREIGN_KEY_CHECKS */;
/*!40014 SET UNIQUE_CHECKS=@OLD_UNIQUE_CHECKS */;
/*!40101 SET CHARACTER_SET_CLIENT=@OLD_CHARACTER_SET_CLIENT */;
/*!40101 SET CHARACTER_SET_RESULTS=@OLD_CHARACTER_SET_RESULTS */;
/*!40101 SET COLLATION_CONNECTION=@OLD_COLLATION_CONNECTION */;
/*!40111 SET SQL_NOTES=@OLD_SQL_NOTES */;

-- Dump completed on 2022-08-12 12:27:53
